{"stats":{"minecraft:broken":{"minecraft:wooden_axe":1},"minecraft:killed":{"minecraft:husk":1,"alexsmobs:guster":4,"minecraft:pig":4,"strawgolem:strawgolem":1,"minecraft:sheep":4,"minecraft:skeleton":3,"minecraft:zombie":4,"alexsmobs:rain_frog":2,"minecraft:cow":6},"minecraft:dropped":{"alexsmobs:maggot":1,"minecraft:sugar_cane":25,"minecraft:wheat_seeds":1,"alexsmobs:animal_dictionary":1,"minecraft:raw_iron":2,"minecraft:rotten_flesh":2,"minecraft:ink_sac":2,"tombstone:grave_key":2,"minecraft:melon_slice":30,"tombstone:grave_dust":1,"minecraft:sand":5,"minecraft:arrow":1,"minecraft:sugar":4,"croptopia:calamari":1},"minecraft:crafted":{"minecraft:sugar":4,"minecraft:crafting_table":1,"minecraft:wooden_pickaxe":1,"minecraft:jungle_planks":184,"minecraft:stick":4,"minecraft:stone_pickaxe":1,"minecraft:wooden_axe":2},"minecraft:picked_up":{"minecraft:crafting_table":3,"minecraft:wheat":6,"minecraft:jungle_log":73,"minecraft:leather":3,"croptopia:mango":1,"croptopia:stripped_cinnamon_log":3,"croptopia:calamari":1,"tombstone:grave_key":1,"minecraft:dirt":3,"overweight_farming:vegetable_peels":2,"minecraft:wooden_sword":1,"minecraft:bone":3,"alexsmobs:komodo_spit":1,"croptopia:cinnamon":4,"minecraft:wheat_seeds":5,"minecraft:beef":12,"overweight_farming:seedless_peeled_melon":3,"minecraft:jungle_sapling":4,"minecraft:melon_slice":117,"minecraft:sugar_cane":45,"minecraft:raw_iron":2,"minecraft:stick":6,"minecraft:porkchop":8,"minecraft:sand":6,"tombstone:grave_dust":1,"minecraft:ink_sac":2,"croptopia:fig":1,"minecraft:rotten_flesh":7,"minecraft:arrow":2,"minecraft:sugar":4,"croptopia:pineapple_seed":2,"croptopia:grapefruit":3,"alexsmobs:maggot":1,"tombstone:magic_scroll":1,"minecraft:melon_seeds":1,"minecraft:mutton":5,"minecraft:white_wool":4,"minecraft:cobblestone":4},"minecraft:used":{"connectedglass:clear_glass_black":4,"minecraft:cow_spawn_egg":6,"minecraft:carved_pumpkin":1,"minecraft:stone_pickaxe":3,"minecraft:elytra":1,"overweight_farming:seedless_peeled_melon":2,"minecraft:wooden_pickaxe":8,"minecraft:stone":1,"minecraft:sugar_cane":16,"minecraft:rotten_flesh":1,"minecraft:netherrack":3,"minecraft:torch":1,"minecraft:sand":20,"connectedglass:clear_glass":61,"minecraft:anvil":1,"minecraft:crafting_table":3,"minecraft:jungle_planks":37,"connectedglass:borderless_glass_light_gray_pane":4,"minecraft:jungle_sapling":4,"minecraft:wooden_axe":101,"alexsmobs:maggot":2,"minecraft:firework_rocket":27,"minecraft:melon_slice":33,"minecraft:pig_spawn_egg":4,"connectedglass:borderless_glass":6,"minecraft:wooden_sword":68,"minecraft:hay_block":1,"connectedglass:clear_glass_black_pane":6,"croptopia:mango":1,"tombstone:gift":3,"alexsmobs:animal_dictionary":2,"connectedglass:tinted_borderless_glass_black":4},"minecraft:custom":{"minecraft:mob_kills":31,"minecraft:interact_with_anvil":2,"minecraft:interact_with_crafting_table":6,"minecraft:leave_game":25,"minecraft:time_since_death":5645,"minecraft:climb_one_cm":9872,"minecraft:time_since_rest":3246,"minecraft:sprint_one_cm":260576,"minecraft:damage_taken":3675,"minecraft:walk_one_cm":323017,"minecraft:drop":77,"minecraft:damage_dealt":4524,"minecraft:swim_one_cm":13008,"minecraft:fly_one_cm":1232557,"minecraft:player_kills":1,"minecraft:crouch_one_cm":19660,"minecraft:play_time":205445,"tombstone:undead_killed":7,"minecraft:deaths":11,"minecraft:sneak_time":7465,"minecraft:walk_under_water_one_cm":14275,"tombstone:tomb_raiding":1,"minecraft:aviate_one_cm":239547,"minecraft:jump":2220,"minecraft:walk_on_water_one_cm":10599,"minecraft:total_world_time":205445,"minecraft:fall_one_cm":54508},"minecraft:killed_by":{"minecraft:husk":3,"minecraft:skeleton":1,"minecraft:creeper":1,"minecraft:spider":1,"alexsmobs:komodo_dragon":1},"minecraft:mined":{"minecraft:crafting_table":3,"minecraft:grass_block":1,"minecraft:melon":14,"minecraft:jungle_log":73,"minecraft:dead_bush":3,"minecraft:sugar_cane":12,"minecraft:jungle_sapling":1,"minecraft:iron_ore":2,"overweight_farming:seedless_peeled_melon":3,"minecraft:grass":5,"minecraft:vine":2,"minecraft:dirt":2,"minecraft:sand":1,"minecraft:stone":4}},"DataVersion":3120}