{"stats":{"minecraft:custom":{"minecraft:time_since_rest":2591,"minecraft:crouch_one_cm":676,"minecraft:deaths":1,"minecraft:sprint_one_cm":45559,"minecraft:play_time":11870,"minecraft:damage_taken":265,"minecraft:walk_one_cm":48685,"minecraft:sneak_time":236,"minecraft:mob_kills":2,"minecraft:walk_under_water_one_cm":2743,"minecraft:drop":29,"minecraft:jump":366,"minecraft:damage_dealt":295,"minecraft:leave_game":2,"minecraft:time_since_death":2562,"minecraft:walk_on_water_one_cm":1968,"minecraft:climb_one_cm":297,"minecraft:total_world_time":11870,"minecraft:fall_one_cm":10247,"minecraft:fly_one_cm":67050},"minecraft:killed_by":{"minecraft:husk":1},"minecraft:picked_up":{"minecraft:stick":2,"minecraft:sugar":4,"minecraft:rotten_flesh":1,"minecraft:sand":1,"minecraft:sugar_cane":45},"minecraft:mined":{"minecraft:dead_bush":3,"minecraft:sand":1,"minecraft:sugar_cane":12},"minecraft:used":{"minecraft:rotten_flesh":1,"minecraft:sand":1,"minecraft:sugar_cane":16},"minecraft:killed":{"minecraft:zombie":1},"minecraft:dropped":{"minecraft:sugar_cane":25,"minecraft:sugar":4},"minecraft:crafted":{"minecraft:sugar":4}},"DataVersion":3120}