{"stats":{"minecraft:picked_up":{"minecraft:charcoal":16,"sophisticatedbackpacks:gold_backpack":1,"iceandfire:dragon_skull_lightning":1,"minecraft:iron_chestplate":1,"minecraft:crafting_table":3,"minecraft:wheat":176,"minecraft:firework_star":1,"minecraft:chicken":16,"minecraft:flower_pot":1,"minecraft:lead":1,"croptopia:stripped_cinnamon_log":3,"croptopia:calamari":1,"tombstone:grave_key":1,"minecraft:cornflower":2,"alexsmobs:gazelle_horn":1,"minecraft:string":53,"overweight_farming:vegetable_peels":2,"minecraft:wooden_sword":1,"minecraft:iron_leggings":1,"minecraft:item_frame":6,"minecraft:experience_bottle":7,"alexsmobs:komodo_spit":1,"croptopia:cinnamon":4,"alexsmobs:banana":1,"minecraft:cobbled_deepslate":1266,"farmersdelight:cabbage":1,"minecraft:spruce_planks":5,"minecraft:beef":25,"overweight_farming:seedless_peeled_melon":3,"minecraft:jungle_sapling":4,"minecraft:iron_pickaxe":1,"minecraft:melon_slice":118,"minecraft:sugar_cane":45,"minecraft:chest":2,"minecraft:iron_boots":1,"minecraft:golden_helmet":1,"minecraft:stick":70,"minecraft:raw_iron":56,"iceandfire:dragonbone":9,"minecraft:torch":177,"minecraft:spruce_stairs":2,"iceandfire:silver_ore":1,"minecraft:porkchop":11,"minecraft:diorite":18,"tombstone:grave_dust":7,"croptopia:fig":1,"minecraft:carrot":1,"minecraft:redstone":133,"minecraft:dark_oak_planks":3,"gobber2:gobber2_foo":3,"minecraft:arrow":2,"minecraft:cactus":12,"minecraft:weeping_vines":1,"minecraft:rotten_flesh":28,"minecraft:hay_block":10,"minecraft:gold_ingot":9,"minecraft:obsidian":5,"minecraft:mutton":11,"alexsmobs:kangaroo_meat":2,"minecraft:white_wool":7,"minecraft:cobblestone":173,"minecraft:feather":2,"minecraft:cooked_beef":5,"minecraft:andesite":1,"minecraft:jungle_log":73,"gobber2:gobber2_gooey_beefstew":1,"minecraft:leather":11,"minecraft:potato":17,"croptopia:mango":1,"minecraft:flint":3,"minecraft:tuff":114,"minecraft:oak_log":6,"minecraft:map":1,"minecraft:lapis_lazuli":276,"overweight_farming:overweight_apple_block":2,"minecraft:dirt":26,"minecraft:lantern":1,"minecraft:cooked_mutton":1,"minecraft:bone":5,"minecraft:bow":1,"gobber2:gobber2_gooey_beef":7,"minecraft:wheat_seeds":472,"minecraft:raw_gold":22,"minecraft:iron_ingot":34,"tombstone:bag_of_seeds":1,"minecraft:oak_planks":2,"minecraft:dark_oak_stairs":1,"gobber2:gobber2_gooey_bread":11,"minecraft:book":36,"minecraft:pumpkin":6,"minecraft:gravel":19,"minecraft:sand":6,"minecraft:jungle_planks":31,"sophisticatedbackpacks:iron_backpack":2,"minecraft:ink_sac":5,"minecraft:acacia_stairs":1,"alexsmobs:kangaroo_hide":2,"minecraft:sugar":5,"minecraft:diamond":79,"croptopia:pineapple_seed":2,"minecraft:iron_helmet":1,"croptopia:grapefruit":3,"minecraft:emerald":3,"minecraft:bread":6,"alexsmobs:maggot":1,"tombstone:magic_scroll":1,"minecraft:melon_seeds":1,"minecraft:coal":40,"gobber2:gobber2_goo":8,"minecraft:ender_pearl":1},"minecraft:crafted":{"minecraft:oak_planks":24,"minecraft:cooked_chicken":15,"minecraft:bookshelf":14,"minecraft:cooked_mutton":12,"minecraft:green_dye":5,"minecraft:bow":3,"simplyswords:diamond_warglaive":2,"minecraft:stone_pickaxe":1,"minecraft:wheat":90,"minecraft:sugar":4,"minecraft:arrow":32,"minecraft:diamond_axe":1,"minecraft:crafting_table":2,"minecraft:enchanting_table":1,"minecraft:wooden_pickaxe":1,"minecraft:air":0,"minecraft:bread":35,"minecraft:jungle_planks":300,"minecraft:diamond_pickaxe":1,"minecraft:flint":34,"minecraft:stick":12,"minecraft:iron_ingot":38,"minecraft:iron_pickaxe":6,"minecraft:wooden_axe":2,"minecraft:gold_ingot":30,"morebows:diamond_bow":3,"minecraft:torch":96},"minecraft:mined":{"minecraft:tuff":114,"minecraft:spruce_planks":5,"iceandfire:silver_ore":1,"minecraft:deepslate_diamond_ore":80,"sophisticatedbackpacks:gold_backpack":1,"minecraft:obsidian":5,"minecraft:acacia_log":5,"minecraft:grass_block":5,"sophisticatedbackpacks:iron_backpack":1,"minecraft:jungle_planks":28,"gobber2:gobber2_lucky_block":28,"minecraft:jungle_log":73,"minecraft:spawner":4,"minecraft:hay_block":10,"minecraft:weeping_vines_plant":2,"minecraft:jungle_sapling":1,"minecraft:iron_ore":31,"minecraft:fire":35,"overweight_farming:overweight_apple_block":2,"overweight_farming:seedless_peeled_melon":3,"minecraft:andesite":2,"minecraft:acacia_stairs":1,"minecraft:pumpkin":6,"minecraft:deepslate_lapis_ore":43,"minecraft:dark_oak_stairs":1,"minecraft:bookshelf":12,"minecraft:deepslate_iron_ore":21,"minecraft:vine":4,"minecraft:stone":166,"minecraft:deepslate_redstone_ore":29,"minecraft:crafting_table":3,"minecraft:torch":21,"minecraft:melon":14,"minecraft:chest":1,"minecraft:dead_bush":3,"minecraft:campfire":5,"minecraft:mushroom_stem":1,"minecraft:tall_grass":1,"minecraft:cobblestone":5,"minecraft:deepslate_gold_ore":22,"minecraft:oak_planks":2,"minecraft:sugar_cane":12,"minecraft:diorite":18,"minecraft:wall_torch":25,"minecraft:spruce_stairs":2,"minecraft:cactus":2,"minecraft:wheat":1,"iceandfire:ash":1,"gobber2:gobber2_lucky_block_deepslate":2,"minecraft:grass":22,"minecraft:coal_ore":17,"minecraft:oak_log":6,"minecraft:gravel":20,"minecraft:sand":1,"minecraft:dirt":11,"minecraft:cobweb":53,"minecraft:oak_leaves":2,"minecraft:deepslate":1227,"minecraft:dark_oak_planks":5},"minecraft:killed":{"minecraft:spider":1,"alexsmobs:seagull":3,"strawgolem:strawgolem":1,"minecraft:skeleton":4,"minecraft:piglin_brute":6,"alexsmobs:kangaroo":1,"minecraft:piglin":7,"minecraft:husk":1,"alexsmobs:guster":4,"minecraft:pig":5,"minecraft:sheep":7,"minecraft:zombie":21,"alexsmobs:maned_wolf":1,"alexsmobs:gazelle":1,"alexsmobs:rain_frog":2,"cnb:lizard":1,"alexsmobs:komodo_dragon":2,"minecraft:cow":11},"minecraft:custom":{"minecraft:interact_with_anvil":3,"minecraft:mob_kills":80,"minecraft:animals_bred":3,"minecraft:interact_with_crafting_table":31,"goblintraders:trade_with_goblin":39,"minecraft:open_barrel":6,"minecraft:leave_game":34,"minecraft:time_since_death":225521,"minecraft:climb_one_cm":24982,"minecraft:sprint_one_cm":1445674,"minecraft:walk_one_cm":1572552,"minecraft:drop":119,"minecraft:talked_to_villager":5,"minecraft:play_time":689103,"minecraft:sneak_time":19633,"minecraft:deaths":15,"minecraft:walk_under_water_one_cm":33587,"tombstone:tomb_raiding":1,"minecraft:jump":8771,"minecraft:enchant_item":1,"minecraft:walk_on_water_one_cm":34871,"minecraft:total_world_time":689103,"minecraft:interact_with_furnace":28,"minecraft:sleep_in_bed":11,"minecraft:time_since_rest":52553,"minecraft:damage_taken":9647,"minecraft:damage_absorbed":40,"minecraft:damage_dealt":11639,"minecraft:swim_one_cm":78674,"minecraft:player_kills":1,"minecraft:fly_one_cm":2022514,"minecraft:open_chest":202,"minecraft:crouch_one_cm":58782,"tombstone:undead_killed":25,"minecraft:aviate_one_cm":239547,"minecraft:interact_with_smoker":1,"minecraft:fall_one_cm":226725},"minecraft:broken":{"minecraft:wooden_axe":2},"minecraft:used":{"minecraft:enchanting_table":1,"gobber2:gobber2_goo":3,"minecraft:carved_pumpkin":1,"minecraft:elytra":1,"morebows:diamond_bow":33,"overweight_farming:seedless_peeled_melon":2,"gobber2:gobber2_gooey_bread":11,"farmersdelight:cabbage":1,"minecraft:stone":1,"minecraft:rotten_flesh":4,"minecraft:netherrack":3,"minecraft:anvil":1,"minecraft:torch":127,"minecraft:dirt":10,"minecraft:jungle_planks":44,"connectedglass:borderless_glass_light_gray_pane":4,"minecraft:tuff":1,"minecraft:wooden_axe":113,"minecraft:jungle_sapling":4,"alexsmobs:maggot":2,"minecraft:bookshelf":14,"minecraft:lantern":1,"connectedglass:borderless_glass":6,"minecraft:item_frame":3,"gobber2:gobber2_gooey_beef":6,"minecraft:hay_block":1,"connectedglass:clear_glass_black_pane":6,"croptopia:mango":1,"tombstone:gift":5,"minecraft:potato":1,"minecraft:cooked_beef":4,"minecraft:cobbled_deepslate":30,"minecraft:iron_leggings":1,"minecraft:wheat_seeds":3,"minecraft:cooked_mutton":9,"minecraft:cow_spawn_egg":6,"minecraft:stone_pickaxe":42,"minecraft:oak_planks":14,"minecraft:wooden_pickaxe":8,"minecraft:sugar_cane":16,"minecraft:diamond_axe":109,"minecraft:golden_apple":2,"connectedglass:clear_glass":61,"minecraft:sand":20,"simplyswords:diamond_warglaive":148,"minecraft:crafting_table":5,"tombstone:bag_of_seeds":1,"minecraft:flower_pot":1,"minecraft:diamond_pickaxe":815,"minecraft:firework_rocket":27,"minecraft:diamond_shovel":3,"minecraft:iron_pickaxe":1011,"minecraft:melon_slice":77,"minecraft:bread":65,"minecraft:pig_spawn_egg":4,"alexsmobs:kangaroo_meat":2,"overweight_farming:overweight_apple_block":1,"minecraft:wooden_sword":109,"minecraft:cobblestone":4,"alexsmobs:animal_dictionary":2,"connectedglass:tinted_borderless_glass_black":4,"connectedglass:clear_glass_black":4,"minecraft:experience_bottle":4},"minecraft:dropped":{"sophisticatedbackpacks:iron_backpack":2,"minecraft:iron_ingot":4,"minecraft:bread":6,"minecraft:iron_sword":1,"morebows:diamond_bow":1,"minecraft:wheat_seeds":3,"minecraft:leather":10,"simplyswords:diamond_warglaive":1,"minecraft:ink_sac":2,"minecraft:torch":64,"minecraft:cornflower":2,"tombstone:grave_key":2,"minecraft:melon_slice":30,"tombstone:grave_dust":1,"minecraft:sand":5,"minecraft:sugar":4,"minecraft:cactus":12,"croptopia:calamari":1,"minecraft:white_wool":1,"alexsmobs:maggot":1,"minecraft:sugar_cane":25,"alexsmobs:animal_dictionary":1,"minecraft:raw_iron":2,"minecraft:experience_bottle":3,"minecraft:rotten_flesh":2,"minecraft:cooked_mutton":4,"minecraft:arrow":1,"minecraft:bow":1},"minecraft:killed_by":{"minecraft:husk":3,"minecraft:creeper":1,"minecraft:spider":1,"minecraft:cave_spider":1,"minecraft:skeleton":2,"alexsmobs:komodo_dragon":2,"iceandfire:ghost":1}},"DataVersion":3120}