{"stats":{"minecraft:broken":{"minecraft:wooden_axe":2},"minecraft:killed":{"minecraft:husk":1,"alexsmobs:guster":4,"minecraft:pig":4,"alexsmobs:seagull":2,"strawgolem:strawgolem":1,"minecraft:sheep":6,"minecraft:skeleton":3,"minecraft:zombie":5,"alexsmobs:rain_frog":2,"minecraft:cow":6},"minecraft:dropped":{"alexsmobs:maggot":1,"minecraft:sugar_cane":25,"minecraft:wheat_seeds":1,"alexsmobs:animal_dictionary":1,"minecraft:experience_bottle":3,"minecraft:raw_iron":2,"minecraft:rotten_flesh":2,"minecraft:ink_sac":2,"tombstone:grave_key":2,"minecraft:melon_slice":30,"tombstone:grave_dust":1,"minecraft:sand":5,"minecraft:arrow":1,"minecraft:sugar":4,"croptopia:calamari":1},"minecraft:crafted":{"minecraft:sugar":4,"minecraft:crafting_table":1,"minecraft:wooden_pickaxe":1,"minecraft:jungle_planks":184,"minecraft:stick":4,"minecraft:stone_pickaxe":1,"minecraft:wooden_axe":2},"minecraft:picked_up":{"minecraft:crafting_table":3,"minecraft:firework_star":1,"minecraft:wheat":6,"minecraft:feather":1,"minecraft:jungle_log":73,"minecraft:leather":3,"croptopia:mango":1,"minecraft:flint":1,"croptopia:stripped_cinnamon_log":3,"croptopia:calamari":1,"tombstone:grave_key":1,"minecraft:map":1,"minecraft:lapis_lazuli":1,"overweight_farming:overweight_apple_block":2,"minecraft:dirt":3,"overweight_farming:vegetable_peels":2,"minecraft:wooden_sword":1,"minecraft:experience_bottle":6,"minecraft:item_frame":6,"minecraft:bone":3,"alexsmobs:komodo_spit":1,"croptopia:cinnamon":4,"minecraft:wheat_seeds":6,"alexsmobs:banana":1,"minecraft:beef":12,"overweight_farming:seedless_peeled_melon":3,"minecraft:jungle_sapling":4,"minecraft:melon_slice":118,"minecraft:sugar_cane":45,"minecraft:chest":1,"minecraft:raw_iron":2,"minecraft:stick":6,"minecraft:jungle_planks":29,"minecraft:porkchop":8,"minecraft:sand":6,"minecraft:acacia_stairs":1,"tombstone:grave_dust":1,"minecraft:ink_sac":2,"croptopia:fig":1,"minecraft:carrot":1,"minecraft:redstone":1,"minecraft:rotten_flesh":9,"minecraft:arrow":2,"minecraft:sugar":5,"croptopia:pineapple_seed":2,"minecraft:emerald":3,"croptopia:grapefruit":3,"minecraft:gold_ingot":7,"alexsmobs:maggot":1,"tombstone:magic_scroll":1,"minecraft:melon_seeds":1,"minecraft:mutton":8,"minecraft:white_wool":6,"minecraft:cobblestone":4,"minecraft:ender_pearl":1},"minecraft:used":{"minecraft:wheat_seeds":1,"connectedglass:clear_glass_black":4,"minecraft:cow_spawn_egg":6,"minecraft:carved_pumpkin":1,"minecraft:stone_pickaxe":4,"minecraft:elytra":1,"overweight_farming:seedless_peeled_melon":2,"minecraft:wooden_pickaxe":8,"minecraft:stone":1,"minecraft:sugar_cane":16,"minecraft:rotten_flesh":4,"minecraft:netherrack":3,"minecraft:torch":1,"minecraft:sand":20,"connectedglass:clear_glass":61,"minecraft:anvil":1,"minecraft:crafting_table":3,"minecraft:jungle_planks":44,"connectedglass:borderless_glass_light_gray_pane":4,"minecraft:jungle_sapling":4,"minecraft:wooden_axe":113,"alexsmobs:maggot":2,"minecraft:firework_rocket":27,"minecraft:melon_slice":57,"minecraft:pig_spawn_egg":4,"connectedglass:borderless_glass":6,"minecraft:item_frame":3,"overweight_farming:overweight_apple_block":1,"minecraft:wooden_sword":94,"minecraft:hay_block":1,"connectedglass:clear_glass_black_pane":6,"croptopia:mango":1,"tombstone:gift":3,"alexsmobs:animal_dictionary":2,"connectedglass:tinted_borderless_glass_black":4,"minecraft:experience_bottle":3},"minecraft:custom":{"minecraft:mob_kills":36,"minecraft:interact_with_anvil":2,"minecraft:interact_with_crafting_table":6,"minecraft:leave_game":26,"minecraft:time_since_death":36086,"minecraft:sleep_in_bed":2,"minecraft:climb_one_cm":18786,"minecraft:time_since_rest":17014,"minecraft:sprint_one_cm":398109,"minecraft:damage_taken":4500,"minecraft:walk_one_cm":520946,"minecraft:drop":80,"minecraft:damage_dealt":5258,"minecraft:swim_one_cm":30109,"minecraft:talked_to_villager":2,"minecraft:fly_one_cm":1324672,"minecraft:player_kills":1,"minecraft:open_chest":24,"minecraft:crouch_one_cm":26859,"minecraft:play_time":259589,"tombstone:undead_killed":8,"minecraft:deaths":13,"minecraft:sneak_time":9588,"minecraft:walk_under_water_one_cm":19950,"tombstone:tomb_raiding":1,"minecraft:aviate_one_cm":239547,"minecraft:jump":3242,"minecraft:walk_on_water_one_cm":17806,"minecraft:total_world_time":259589,"minecraft:fall_one_cm":90446},"minecraft:killed_by":{"minecraft:husk":3,"minecraft:skeleton":1,"minecraft:creeper":1,"minecraft:spider":1,"alexsmobs:komodo_dragon":2,"iceandfire:ghost":1},"minecraft:mined":{"minecraft:crafting_table":3,"minecraft:grass_block":1,"minecraft:jungle_planks":26,"minecraft:melon":14,"minecraft:jungle_log":73,"minecraft:dead_bush":3,"minecraft:tall_grass":1,"minecraft:sugar_cane":12,"minecraft:jungle_sapling":1,"minecraft:fire":35,"minecraft:iron_ore":2,"overweight_farming:overweight_apple_block":2,"minecraft:acacia_stairs":1,"overweight_farming:seedless_peeled_melon":3,"minecraft:grass":6,"minecraft:vine":2,"minecraft:dirt":2,"minecraft:sand":1,"minecraft:stone":4}},"DataVersion":3120}