{"stats":{"minecraft:picked_up":{"iceandfire:dragon_skull_lightning":1,"minecraft:crafting_table":3,"minecraft:iron_chestplate":1,"minecraft:firework_star":1,"minecraft:wheat":175,"minecraft:flower_pot":1,"minecraft:lead":1,"croptopia:stripped_cinnamon_log":3,"croptopia:calamari":1,"tombstone:grave_key":1,"minecraft:cornflower":2,"alexsmobs:gazelle_horn":1,"overweight_farming:vegetable_peels":2,"minecraft:wooden_sword":1,"minecraft:iron_leggings":1,"minecraft:item_frame":6,"minecraft:experience_bottle":7,"alexsmobs:komodo_spit":1,"croptopia:cinnamon":4,"alexsmobs:banana":1,"minecraft:cobbled_deepslate":913,"minecraft:beef":23,"overweight_farming:seedless_peeled_melon":3,"minecraft:jungle_sapling":4,"minecraft:iron_pickaxe":1,"minecraft:melon_slice":118,"minecraft:sugar_cane":45,"minecraft:chest":2,"minecraft:iron_boots":1,"minecraft:stick":69,"minecraft:raw_iron":44,"iceandfire:dragonbone":9,"minecraft:torch":150,"iceandfire:silver_ore":1,"minecraft:porkchop":8,"croptopia:fig":1,"tombstone:grave_dust":3,"minecraft:diorite":18,"minecraft:carrot":1,"minecraft:redstone":23,"gobber2:gobber2_foo":3,"minecraft:rotten_flesh":16,"minecraft:arrow":2,"minecraft:hay_block":10,"minecraft:gold_ingot":9,"minecraft:mutton":9,"alexsmobs:kangaroo_meat":2,"minecraft:white_wool":6,"minecraft:cobblestone":160,"minecraft:feather":1,"minecraft:jungle_log":73,"gobber2:gobber2_gooey_beefstew":1,"minecraft:leather":11,"minecraft:potato":1,"croptopia:mango":1,"minecraft:flint":1,"minecraft:tuff":48,"minecraft:oak_log":6,"minecraft:lapis_lazuli":1,"minecraft:map":1,"minecraft:dirt":6,"overweight_farming:overweight_apple_block":2,"minecraft:bone":3,"gobber2:gobber2_gooey_beef":7,"minecraft:wheat_seeds":468,"minecraft:raw_gold":1,"gobber2:gobber2_gooey_bread":11,"minecraft:gravel":2,"minecraft:jungle_planks":31,"minecraft:sand":6,"minecraft:ink_sac":5,"minecraft:acacia_stairs":1,"alexsmobs:kangaroo_hide":2,"minecraft:sugar":5,"minecraft:diamond":27,"croptopia:pineapple_seed":2,"minecraft:iron_helmet":1,"croptopia:grapefruit":3,"minecraft:bread":6,"minecraft:emerald":3,"alexsmobs:maggot":1,"tombstone:magic_scroll":1,"minecraft:melon_seeds":1,"minecraft:coal":39,"gobber2:gobber2_goo":8,"minecraft:ender_pearl":1},"minecraft:killed":{"alexsmobs:seagull":2,"strawgolem:strawgolem":1,"minecraft:skeleton":3,"minecraft:piglin_brute":4,"alexsmobs:kangaroo":1,"minecraft:husk":1,"alexsmobs:guster":4,"minecraft:pig":4,"minecraft:sheep":6,"minecraft:zombie":12,"alexsmobs:gazelle":1,"alexsmobs:maned_wolf":1,"alexsmobs:rain_frog":2,"cnb:lizard":1,"minecraft:cow":11},"minecraft:mined":{"minecraft:tuff":47,"iceandfire:silver_ore":1,"minecraft:deepslate_diamond_ore":27,"minecraft:grass_block":3,"minecraft:jungle_planks":28,"gobber2:gobber2_lucky_block":28,"minecraft:jungle_log":73,"minecraft:weeping_vines_plant":1,"minecraft:hay_block":10,"minecraft:jungle_sapling":1,"minecraft:iron_ore":31,"minecraft:fire":35,"overweight_farming:overweight_apple_block":2,"minecraft:acacia_stairs":1,"overweight_farming:seedless_peeled_melon":3,"minecraft:deepslate_iron_ore":9,"minecraft:vine":2,"minecraft:stone":154,"minecraft:deepslate_redstone_ore":4,"minecraft:crafting_table":3,"minecraft:torch":8,"minecraft:melon":14,"minecraft:chest":1,"minecraft:dead_bush":3,"minecraft:tall_grass":1,"minecraft:cobblestone":4,"minecraft:deepslate_gold_ore":1,"minecraft:sugar_cane":12,"minecraft:diorite":18,"minecraft:wall_torch":11,"minecraft:wheat":1,"iceandfire:ash":1,"gobber2:gobber2_lucky_block_deepslate":2,"minecraft:grass":10,"minecraft:oak_log":6,"minecraft:coal_ore":16,"minecraft:gravel":1,"minecraft:sand":1,"minecraft:dirt":3,"minecraft:deepslate":876},"minecraft:killed_by":{"minecraft:husk":3,"minecraft:creeper":1,"minecraft:spider":1,"minecraft:cave_spider":1,"minecraft:skeleton":2,"alexsmobs:komodo_dragon":2,"iceandfire:ghost":1},"minecraft:used":{"connectedglass:clear_glass_black":4,"gobber2:gobber2_goo":3,"minecraft:carved_pumpkin":1,"minecraft:elytra":1,"overweight_farming:seedless_peeled_melon":2,"gobber2:gobber2_gooey_bread":11,"minecraft:stone":1,"minecraft:rotten_flesh":4,"minecraft:netherrack":3,"minecraft:torch":72,"minecraft:anvil":1,"minecraft:jungle_planks":44,"minecraft:tuff":1,"connectedglass:borderless_glass_light_gray_pane":4,"minecraft:jungle_sapling":4,"minecraft:wooden_axe":113,"alexsmobs:maggot":2,"connectedglass:borderless_glass":6,"minecraft:item_frame":3,"gobber2:gobber2_gooey_beef":6,"minecraft:hay_block":1,"connectedglass:clear_glass_black_pane":6,"croptopia:mango":1,"tombstone:gift":5,"minecraft:potato":1,"minecraft:cobbled_deepslate":14,"minecraft:iron_leggings":1,"minecraft:wheat_seeds":3,"minecraft:cooked_mutton":5,"minecraft:cow_spawn_egg":6,"minecraft:stone_pickaxe":42,"minecraft:wooden_pickaxe":8,"minecraft:diamond_axe":36,"minecraft:sugar_cane":16,"minecraft:golden_apple":2,"connectedglass:clear_glass":61,"minecraft:sand":20,"simplyswords:diamond_warglaive":55,"minecraft:crafting_table":5,"minecraft:flower_pot":1,"minecraft:diamond_pickaxe":181,"minecraft:firework_rocket":27,"minecraft:diamond_shovel":3,"minecraft:bread":22,"minecraft:iron_pickaxe":1011,"minecraft:melon_slice":77,"minecraft:pig_spawn_egg":4,"alexsmobs:kangaroo_meat":1,"overweight_farming:overweight_apple_block":1,"minecraft:wooden_sword":109,"minecraft:cobblestone":4,"alexsmobs:animal_dictionary":2,"connectedglass:tinted_borderless_glass_black":4,"minecraft:experience_bottle":4},"minecraft:crafted":{"minecraft:oak_planks":24,"minecraft:cooked_mutton":8,"simplyswords:diamond_warglaive":2,"minecraft:stone_pickaxe":1,"minecraft:wheat":90,"minecraft:sugar":4,"minecraft:arrow":16,"minecraft:diamond_axe":1,"minecraft:crafting_table":2,"minecraft:wooden_pickaxe":1,"minecraft:bread":35,"minecraft:jungle_planks":184,"minecraft:diamond_pickaxe":1,"minecraft:stick":4,"minecraft:iron_ingot":13,"minecraft:iron_pickaxe":6,"minecraft:wooden_axe":2,"minecraft:torch":96},"minecraft:broken":{"minecraft:wooden_axe":2},"minecraft:dropped":{"minecraft:iron_ingot":4,"minecraft:wheat_seeds":3,"simplyswords:diamond_warglaive":1,"minecraft:torch":64,"minecraft:ink_sac":2,"minecraft:cornflower":2,"tombstone:grave_key":2,"minecraft:melon_slice":30,"tombstone:grave_dust":1,"minecraft:sand":5,"minecraft:sugar":4,"croptopia:calamari":1,"alexsmobs:maggot":1,"minecraft:sugar_cane":25,"alexsmobs:animal_dictionary":1,"minecraft:raw_iron":2,"minecraft:experience_bottle":3,"minecraft:rotten_flesh":2,"minecraft:cooked_mutton":3,"minecraft:arrow":1},"minecraft:custom":{"minecraft:mob_kills":55,"minecraft:interact_with_anvil":2,"minecraft:animals_bred":3,"minecraft:interact_with_crafting_table":16,"minecraft:open_barrel":3,"minecraft:leave_game":31,"minecraft:time_since_death":77940,"minecraft:climb_one_cm":22654,"minecraft:sprint_one_cm":1082550,"minecraft:walk_one_cm":1150388,"minecraft:drop":93,"minecraft:talked_to_villager":2,"minecraft:play_time":541522,"minecraft:deaths":15,"minecraft:sneak_time":15149,"minecraft:walk_under_water_one_cm":32410,"tombstone:tomb_raiding":1,"minecraft:jump":6589,"minecraft:walk_on_water_one_cm":31246,"minecraft:total_world_time":541522,"minecraft:interact_with_furnace":15,"minecraft:sleep_in_bed":7,"minecraft:time_since_rest":37056,"minecraft:damage_taken":7383,"minecraft:damage_absorbed":40,"minecraft:damage_dealt":9045,"minecraft:swim_one_cm":71648,"minecraft:fly_one_cm":1762932,"minecraft:player_kills":1,"minecraft:open_chest":73,"minecraft:crouch_one_cm":43521,"tombstone:undead_killed":15,"minecraft:aviate_one_cm":239547,"minecraft:fall_one_cm":163008}},"DataVersion":3120}