{"stats":{"minecraft:picked_up":{"minecraft:iron_chestplate":1,"minecraft:wheat":177,"minecraft:flower_pot":1,"minecraft:lead":1,"minecraft:oak_stairs":1,"croptopia:stripped_cinnamon_log":3,"croptopia:calamari":1,"tombstone:grave_key":1,"iceandfire:manuscript":2,"alexsmobs:gazelle_horn":1,"minecraft:string":53,"minecraft:raw_copper":21,"minecraft:iron_leggings":2,"minecraft:experience_bottle":7,"alexsmobs:banana":1,"minecraft:gold_nugget":1228,"minecraft:cobbled_deepslate":1266,"farmersdelight:cabbage":1,"minecraft:spruce_planks":5,"minecraft:iron_pickaxe":1,"alexsmobs:raccoon_tail":1,"minecraft:melon_slice":118,"minecraft:iron_boots":1,"minecraft:golden_helmet":1,"minecraft:stick":70,"minecraft:torch":177,"minecraft:spruce_stairs":2,"iceandfire:silver_ore":1,"minecraft:porkchop":17,"iceandfire:lightning_dragon_flesh":1,"croptopia:fig":1,"tombstone:grave_dust":7,"minecraft:diorite":18,"gobber2:gobber2_foo":3,"minecraft:cactus":12,"minecraft:rotten_flesh":31,"iceandfire:fire_dragon_heart":1,"minecraft:obsidian":6,"minecraft:cobblestone":186,"minecraft:feather":3,"minecraft:cooked_beef":5,"minecraft:andesite":1,"minecraft:jungle_log":73,"minecraft:potato":17,"croptopia:mango":1,"minecraft:flint":3,"minecraft:tuff":114,"minecraft:dirt":34,"minecraft:lapis_lazuli":276,"minecraft:map":1,"overweight_farming:overweight_apple_block":2,"minecraft:lantern":1,"minecraft:bone":12,"minecraft:bow":1,"gobber2:gobber2_gooey_beef":7,"minecraft:wheat_seeds":475,"minecraft:raw_gold":22,"minecraft:oak_planks":5,"gobber2:gobber2_gooey_bread":11,"minecraft:jungle_planks":39,"minecraft:sand":6,"iceandfire:dragon_skull_fire":1,"sophisticatedbackpacks:iron_backpack":2,"minecraft:ink_sac":5,"iceandfire:lightning_dragon_heart":1,"minecraft:acacia_stairs":1,"alexsmobs:kangaroo_hide":2,"minecraft:sugar":5,"minecraft:diamond":79,"croptopia:pineapple_seed":2,"minecraft:bread":6,"minecraft:emerald":3,"alexsmobs:maggot":2,"minecraft:oak_sapling":3,"gobber2:gobber2_goo":8,"iceandfire:dragon_skull_lightning":2,"sophisticatedbackpacks:gold_backpack":1,"minecraft:charcoal":16,"minecraft:crafting_table":3,"minecraft:firework_star":1,"minecraft:chicken":16,"minecraft:stone_brick_wall":4,"minecraft:chain":3,"minecraft:cornflower":2,"overweight_farming:vegetable_peels":2,"minecraft:wooden_sword":1,"minecraft:item_frame":6,"alexsmobs:komodo_spit":1,"croptopia:cinnamon":4,"minecraft:beef":25,"overweight_farming:seedless_peeled_melon":3,"minecraft:jungle_sapling":4,"iceandfire:dragonscales_electric":25,"minecraft:sugar_cane":45,"minecraft:chest":7,"minecraft:raw_iron":64,"iceandfire:dragonscales_green":19,"iceandfire:dragonbone":26,"minecraft:stone_button":3,"minecraft:carrot":1,"minecraft:redstone":133,"minecraft:dark_oak_planks":3,"minecraft:weeping_vines":1,"minecraft:arrow":4,"minecraft:hay_block":10,"minecraft:gold_ingot":18,"minecraft:mutton":13,"alexsmobs:kangaroo_meat":2,"minecraft:white_wool":10,"gobber2:gobber2_gooey_beefstew":1,"minecraft:leather":21,"minecraft:oak_log":11,"minecraft:gunpowder":3,"minecraft:cooked_mutton":1,"minecraft:apple":7,"minecraft:stone_bricks":2,"minecraft:iron_ingot":44,"minecraft:cobweb":5,"tombstone:bag_of_seeds":2,"iceandfire:fire_dragon_flesh":1,"minecraft:dark_oak_stairs":1,"minecraft:book":36,"minecraft:pumpkin":6,"minecraft:gravel":19,"minecraft:iron_helmet":2,"croptopia:grapefruit":3,"tombstone:magic_scroll":2,"minecraft:melon_seeds":1,"minecraft:coal":77,"minecraft:ender_pearl":1},"minecraft:killed":{"minecraft:spider":4,"minecraft:skeleton":6,"minecraft:piglin_brute":6,"alexsmobs:kangaroo":1,"minecraft:piglin":7,"minecraft:pig":8,"minecraft:creeper":4,"minecraft:sheep":7,"minecraft:zombie":24,"alexsmobs:maned_wolf":1,"alexsmobs:rain_frog":2,"iceandfire:lightning_dragon":1,"alexsmobs:komodo_dragon":2,"minecraft:cow":11,"alexsmobs:raccoon":2,"alexsmobs:seagull":3,"strawgolem:strawgolem":1,"iceandfire:fire_dragon":1,"minecraft:husk":1,"alexsmobs:guster":4,"iceandfire:cyclops":1,"alexsmobs:gazelle":1,"alexsmobs:crow":1,"cnb:lizard":1},"minecraft:dropped":{"sophisticatedbackpacks:iron_backpack":2,"minecraft:iron_sword":1,"minecraft:leather":10,"minecraft:cornflower":2,"minecraft:sand":5,"minecraft:sugar":4,"croptopia:calamari":1,"alexsmobs:raccoon_tail":1,"minecraft:white_wool":1,"minecraft:sugar_cane":25,"alexsmobs:animal_dictionary":1,"minecraft:wheat":1,"minecraft:rotten_flesh":2,"minecraft:cooked_mutton":4,"minecraft:arrow":1,"minecraft:iron_ingot":4,"minecraft:bread":6,"morebows:diamond_bow":1,"minecraft:wheat_seeds":3,"simplyswords:diamond_warglaive":1,"minecraft:ink_sac":2,"minecraft:torch":64,"tombstone:grave_key":2,"minecraft:melon_slice":30,"tombstone:grave_dust":1,"minecraft:cactus":12,"alexsmobs:maggot":1,"minecraft:raw_iron":2,"minecraft:experience_bottle":3,"minecraft:bow":1},"minecraft:broken":{"minecraft:wooden_axe":2},"minecraft:custom":{"minecraft:animals_bred":3,"minecraft:interact_with_crafting_table":36,"minecraft:open_barrel":8,"goblintraders:trade_with_goblin":39,"minecraft:bell_ring":12,"minecraft:leave_game":35,"minecraft:time_since_death":53504,"minecraft:sprint_one_cm":1580431,"minecraft:drop":121,"minecraft:talked_to_villager":12,"minecraft:play_time":747469,"minecraft:deaths":16,"tombstone:tomb_raiding":1,"minecraft:jump":9619,"minecraft:walk_on_water_one_cm":44551,"minecraft:enchant_item":4,"minecraft:interact_with_furnace":45,"minecraft:sleep_in_bed":14,"minecraft:damage_dealt":11963,"minecraft:player_kills":1,"minecraft:crouch_one_cm":59250,"tombstone:undead_killed":30,"minecraft:interact_with_smoker":1,"minecraft:mob_kills":101,"minecraft:interact_with_anvil":9,"minecraft:climb_one_cm":26952,"minecraft:walk_one_cm":1675563,"minecraft:sneak_time":19943,"minecraft:walk_under_water_one_cm":34693,"minecraft:total_world_time":747469,"minecraft:time_since_rest":17455,"minecraft:damage_absorbed":40,"minecraft:damage_taken":10560,"minecraft:swim_one_cm":91757,"minecraft:fly_one_cm":2893587,"minecraft:open_chest":236,"minecraft:aviate_one_cm":239547,"minecraft:fall_one_cm":250556},"minecraft:crafted":{"minecraft:oak_planks":24,"minecraft:cooked_chicken":23,"minecraft:stone":3,"minecraft:bookshelf":14,"minecraft:cooked_mutton":14,"minecraft:green_dye":5,"minecraft:bow":3,"minecraft:deepslate":10,"minecraft:arrow":32,"minecraft:cooked_porkchop":5,"minecraft:diamond_axe":1,"minecraft:crafting_table":2,"minecraft:wooden_pickaxe":1,"minecraft:diamond_pickaxe":1,"minecraft:stick":12,"minecraft:iron_ingot":46,"minecraft:iron_pickaxe":6,"minecraft:gold_ingot":159,"morebows:diamond_bow":3,"simplyswords:diamond_warglaive":2,"minecraft:stone_pickaxe":1,"minecraft:wheat":90,"minecraft:sugar":4,"minecraft:enchanting_table":1,"minecraft:bread":35,"minecraft:air":0,"minecraft:jungle_planks":300,"minecraft:flint":34,"minecraft:wooden_axe":2,"minecraft:torch":96},"minecraft:mined":{"minecraft:dark_oak_planks":5,"minecraft:spruce_planks":5,"sophisticatedbackpacks:gold_backpack":1,"minecraft:obsidian":5,"minecraft:acacia_log":5,"minecraft:grass_block":6,"sophisticatedbackpacks:iron_backpack":1,"gobber2:gobber2_lucky_block":28,"minecraft:jungle_log":73,"minecraft:spawner":4,"minecraft:weeping_vines_plant":2,"minecraft:iron_ore":40,"minecraft:fire":35,"overweight_farming:overweight_apple_block":2,"minecraft:pumpkin":6,"minecraft:deepslate_lapis_ore":43,"minecraft:dark_oak_stairs":1,"iceandfire:gold_pile":86,"minecraft:deepslate_redstone_ore":29,"minecraft:torch":21,"minecraft:melon":14,"minecraft:chest":6,"minecraft:dead_bush":3,"minecraft:mushroom_stem":1,"minecraft:cobblestone":5,"minecraft:sugar_cane":12,"minecraft:oak_planks":2,"minecraft:wall_torch":25,"minecraft:wheat":1,"minecraft:grass":22,"minecraft:oak_log":6,"minecraft:sand":1,"minecraft:dirt":18,"minecraft:oak_leaves":2,"minecraft:deepslate":1227,"minecraft:tuff":114,"iceandfire:silver_ore":1,"minecraft:deepslate_diamond_ore":80,"minecraft:jungle_planks":28,"minecraft:hay_block":10,"minecraft:jungle_sapling":1,"minecraft:acacia_stairs":1,"minecraft:andesite":2,"overweight_farming:seedless_peeled_melon":3,"minecraft:bookshelf":12,"minecraft:deepslate_iron_ore":21,"minecraft:vine":4,"minecraft:stone":179,"minecraft:crafting_table":3,"minecraft:campfire":5,"minecraft:tall_grass":2,"minecraft:copper_ore":6,"minecraft:deepslate_gold_ore":22,"minecraft:diorite":18,"minecraft:spruce_stairs":2,"minecraft:cactus":2,"minecraft:red_terracotta":1,"iceandfire:ash":1,"gobber2:gobber2_lucky_block_deepslate":2,"minecraft:coal_ore":54,"minecraft:gravel":20,"minecraft:cobweb":53},"minecraft:killed_by":{"minecraft:creeper":1,"minecraft:cave_spider":1,"alexsmobs:komodo_dragon":2,"iceandfire:fire_dragon":1,"minecraft:husk":3,"minecraft:spider":1,"minecraft:skeleton":2,"iceandfire:ghost":1},"minecraft:used":{"gobber2:gobber2_goo":3,"minecraft:elytra":1,"gobber2:gobber2_gooey_bread":11,"overweight_farming:seedless_peeled_melon":2,"farmersdelight:cabbage":1,"minecraft:stone":4,"minecraft:rotten_flesh":4,"minecraft:jungle_planks":44,"minecraft:tuff":1,"minecraft:jungle_sapling":4,"minecraft:lantern":1,"minecraft:item_frame":3,"minecraft:hay_block":1,"croptopia:mango":1,"minecraft:potato":1,"minecraft:cow_spawn_egg":6,"minecraft:stone_pickaxe":42,"minecraft:oak_planks":15,"minecraft:wooden_pickaxe":8,"minecraft:diamond_axe":114,"minecraft:sugar_cane":16,"minecraft:golden_apple":2,"minecraft:sand":20,"simplyswords:diamond_warglaive":153,"minecraft:stone_brick_wall":1,"minecraft:firework_rocket":27,"minecraft:bread":65,"minecraft:melon_slice":77,"minecraft:stone_button":2,"minecraft:deepslate":6,"overweight_farming:overweight_apple_block":1,"minecraft:wooden_sword":109,"minecraft:experience_bottle":4,"connectedglass:clear_glass_black":4,"minecraft:enchanting_table":1,"minecraft:carved_pumpkin":1,"morebows:diamond_bow":131,"minecraft:cooked_chicken":12,"minecraft:netherrack":3,"minecraft:torch":132,"minecraft:dirt":16,"minecraft:anvil":1,"connectedglass:borderless_glass_light_gray_pane":4,"minecraft:wooden_axe":113,"alexsmobs:maggot":2,"minecraft:bookshelf":14,"connectedglass:borderless_glass":6,"gobber2:gobber2_gooey_beef":6,"connectedglass:clear_glass_black_pane":6,"tombstone:gift":5,"minecraft:cooked_beef":5,"minecraft:cobbled_deepslate":30,"minecraft:iron_leggings":1,"minecraft:wheat_seeds":3,"minecraft:cooked_mutton":9,"connectedglass:clear_glass":61,"minecraft:crafting_table":5,"tombstone:bag_of_seeds":1,"minecraft:flower_pot":1,"minecraft:diamond_pickaxe":975,"minecraft:diamond_shovel":3,"minecraft:pig_spawn_egg":4,"minecraft:iron_pickaxe":1011,"alexsmobs:kangaroo_meat":2,"minecraft:cobblestone":4,"alexsmobs:animal_dictionary":2,"connectedglass:tinted_borderless_glass_black":4}},"DataVersion":3120}