{"stats":{"minecraft:custom":{"minecraft:time_since_rest":7827,"minecraft:crouch_one_cm":199,"minecraft:play_time":7827,"minecraft:sprint_one_cm":31047,"minecraft:damage_taken":200,"minecraft:walk_one_cm":32820,"minecraft:walk_under_water_one_cm":2743,"minecraft:sneak_time":53,"minecraft:mob_kills":2,"minecraft:drop":29,"minecraft:jump":277,"minecraft:damage_dealt":295,"minecraft:leave_game":1,"minecraft:time_since_death":7827,"minecraft:walk_on_water_one_cm":1968,"minecraft:total_world_time":7827,"minecraft:fall_one_cm":6845,"minecraft:fly_one_cm":48969},"minecraft:picked_up":{"minecraft:stick":2,"minecraft:sugar":4,"minecraft:rotten_flesh":1,"minecraft:sand":1,"minecraft:sugar_cane":45},"minecraft:mined":{"minecraft:dead_bush":2,"minecraft:sand":1,"minecraft:sugar_cane":12},"minecraft:used":{"minecraft:rotten_flesh":1,"minecraft:sand":1,"minecraft:sugar_cane":16},"minecraft:killed":{"minecraft:zombie":1},"minecraft:dropped":{"minecraft:sugar_cane":25,"minecraft:sugar":4},"minecraft:crafted":{"minecraft:sugar":4}},"DataVersion":3120}