{"stats":{"minecraft:picked_up":{"minecraft:stick":2,"minecraft:wheat":1,"minecraft:leather":3,"minecraft:porkchop":8,"minecraft:sand":1,"croptopia:calamari":1,"tombstone:grave_key":1,"minecraft:ink_sac":2,"minecraft:wooden_sword":1,"minecraft:bone":3,"minecraft:arrow":1,"minecraft:sugar":4,"minecraft:rotten_flesh":1,"minecraft:wheat_seeds":3,"minecraft:beef":12,"alexsmobs:maggot":1,"minecraft:sugar_cane":45},"minecraft:mined":{"minecraft:dead_bush":3,"minecraft:sand":1,"minecraft:sugar_cane":12},"minecraft:killed_by":{"minecraft:husk":2,"minecraft:skeleton":1,"minecraft:creeper":1,"minecraft:spider":1},"minecraft:crafted":{"minecraft:sugar":4},"minecraft:used":{"alexsmobs:maggot":2,"connectedglass:clear_glass_black":4,"minecraft:cow_spawn_egg":6,"minecraft:pig_spawn_egg":4,"minecraft:stone":1,"connectedglass:borderless_glass":6,"minecraft:sugar_cane":16,"minecraft:wooden_sword":19,"minecraft:torch":1,"minecraft:anvil":1,"minecraft:rotten_flesh":1,"minecraft:netherrack":3,"minecraft:sand":18,"connectedglass:clear_glass":60,"connectedglass:clear_glass_black_pane":6,"alexsmobs:animal_dictionary":1,"connectedglass:borderless_glass_light_gray_pane":4,"connectedglass:tinted_borderless_glass_black":4},"minecraft:custom":{"minecraft:time_since_rest":31742,"minecraft:sprint_one_cm":118360,"minecraft:damage_taken":2190,"minecraft:walk_one_cm":208853,"minecraft:mob_kills":16,"minecraft:interact_with_anvil":2,"minecraft:drop":39,"minecraft:damage_dealt":2178,"minecraft:swim_one_cm":6296,"minecraft:fly_one_cm":975472,"minecraft:crouch_one_cm":9653,"minecraft:play_time":109357,"minecraft:sneak_time":3661,"tombstone:undead_killed":1,"minecraft:deaths":7,"minecraft:walk_under_water_one_cm":6464,"minecraft:jump":1148,"minecraft:leave_game":17,"minecraft:time_since_death":34141,"minecraft:walk_on_water_one_cm":5742,"minecraft:climb_one_cm":3631,"minecraft:total_world_time":109357,"minecraft:fall_one_cm":22765},"minecraft:dropped":{"alexsmobs:maggot":1,"minecraft:sugar_cane":25,"minecraft:ink_sac":2,"tombstone:grave_key":2,"minecraft:sand":4,"minecraft:arrow":1,"minecraft:sugar":4,"croptopia:calamari":1},"minecraft:killed":{"minecraft:skeleton":1,"minecraft:zombie":1,"minecraft:pig":4,"alexsmobs:rain_frog":1,"minecraft:cow":6}},"DataVersion":3120}