{"stats":{"minecraft:crafted":{"minecraft:sugar":4,"minecraft:crafting_table":1,"minecraft:wooden_pickaxe":1,"minecraft:jungle_planks":184,"minecraft:stick":4,"minecraft:wooden_axe":2},"minecraft:broken":{"minecraft:wooden_axe":1},"minecraft:custom":{"minecraft:mob_kills":26,"minecraft:interact_with_anvil":2,"minecraft:interact_with_crafting_table":3,"minecraft:leave_game":24,"minecraft:time_since_death":39916,"minecraft:climb_one_cm":8174,"minecraft:time_since_rest":39463,"minecraft:sprint_one_cm":197878,"minecraft:damage_taken":3255,"minecraft:walk_one_cm":286926,"minecraft:drop":44,"minecraft:damage_dealt":3879,"minecraft:swim_one_cm":11093,"minecraft:fly_one_cm":1137822,"minecraft:player_kills":1,"minecraft:crouch_one_cm":12772,"minecraft:play_time":170048,"tombstone:undead_killed":5,"minecraft:deaths":10,"minecraft:sneak_time":4809,"minecraft:walk_under_water_one_cm":13683,"tombstone:tomb_raiding":1,"minecraft:aviate_one_cm":239547,"minecraft:jump":1776,"minecraft:walk_on_water_one_cm":8503,"minecraft:total_world_time":170048,"minecraft:fall_one_cm":40100},"minecraft:picked_up":{"minecraft:crafting_table":2,"minecraft:wheat":6,"minecraft:jungle_log":73,"minecraft:leather":3,"croptopia:calamari":1,"tombstone:grave_key":1,"overweight_farming:vegetable_peels":2,"minecraft:wooden_sword":1,"minecraft:bone":3,"minecraft:wheat_seeds":3,"minecraft:beef":12,"overweight_farming:seedless_peeled_melon":3,"minecraft:jungle_sapling":4,"minecraft:melon_slice":27,"minecraft:sugar_cane":45,"minecraft:stick":6,"minecraft:sand":6,"minecraft:porkchop":8,"tombstone:grave_dust":1,"minecraft:ink_sac":2,"minecraft:rotten_flesh":5,"minecraft:sugar":4,"minecraft:arrow":2,"alexsmobs:maggot":1,"tombstone:magic_scroll":1,"minecraft:melon_seeds":1},"minecraft:used":{"connectedglass:clear_glass_black":4,"minecraft:cow_spawn_egg":6,"minecraft:carved_pumpkin":1,"minecraft:elytra":1,"overweight_farming:seedless_peeled_melon":1,"minecraft:stone":1,"minecraft:sugar_cane":16,"minecraft:rotten_flesh":1,"minecraft:netherrack":3,"minecraft:torch":1,"connectedglass:clear_glass":61,"minecraft:sand":20,"minecraft:anvil":1,"minecraft:crafting_table":2,"minecraft:jungle_planks":6,"connectedglass:borderless_glass_light_gray_pane":4,"minecraft:jungle_sapling":4,"minecraft:wooden_axe":77,"alexsmobs:maggot":2,"minecraft:firework_rocket":27,"minecraft:melon_slice":19,"minecraft:pig_spawn_egg":4,"connectedglass:borderless_glass":6,"minecraft:wooden_sword":61,"minecraft:hay_block":1,"connectedglass:clear_glass_black_pane":6,"tombstone:gift":3,"alexsmobs:animal_dictionary":2,"connectedglass:tinted_borderless_glass_black":4},"minecraft:killed":{"minecraft:husk":1,"alexsmobs:guster":4,"minecraft:pig":4,"strawgolem:strawgolem":1,"minecraft:skeleton":3,"minecraft:zombie":2,"alexsmobs:rain_frog":2,"minecraft:cow":6},"minecraft:dropped":{"alexsmobs:maggot":1,"minecraft:sugar_cane":25,"alexsmobs:animal_dictionary":1,"minecraft:rotten_flesh":2,"minecraft:ink_sac":2,"tombstone:grave_key":2,"tombstone:grave_dust":1,"minecraft:sand":5,"minecraft:arrow":1,"minecraft:sugar":4,"croptopia:calamari":1},"minecraft:killed_by":{"minecraft:husk":3,"minecraft:skeleton":1,"minecraft:creeper":1,"minecraft:spider":1},"minecraft:mined":{"minecraft:crafting_table":2,"minecraft:melon":2,"minecraft:jungle_log":73,"minecraft:dead_bush":3,"minecraft:sugar_cane":12,"minecraft:jungle_sapling":1,"overweight_farming:seedless_peeled_melon":2,"minecraft:grass":1,"minecraft:vine":2,"minecraft:sand":1}},"DataVersion":3120}