{"stats":{"minecraft:dropped":{"minecraft:sand":1,"minecraft:sugar_cane":25,"minecraft:sugar":4},"minecraft:killed_by":{"minecraft:husk":2,"minecraft:skeleton":1,"minecraft:creeper":1},"minecraft:killed":{"minecraft:zombie":1},"minecraft:picked_up":{"minecraft:stick":2,"minecraft:sugar":4,"minecraft:rotten_flesh":1,"minecraft:sand":1,"minecraft:sugar_cane":45},"minecraft:used":{"minecraft:rotten_flesh":1,"minecraft:sand":6,"minecraft:sugar_cane":16},"minecraft:mined":{"minecraft:dead_bush":3,"minecraft:sand":1,"minecraft:sugar_cane":12},"minecraft:crafted":{"minecraft:sugar":4},"minecraft:custom":{"minecraft:time_since_rest":364,"minecraft:damage_taken":1310,"minecraft:crouch_one_cm":676,"minecraft:mob_kills":2,"minecraft:play_time":18866,"minecraft:sprint_one_cm":55074,"minecraft:walk_one_cm":70376,"minecraft:deaths":5,"minecraft:sneak_time":236,"minecraft:walk_under_water_one_cm":2743,"minecraft:drop":30,"minecraft:jump":482,"minecraft:damage_dealt":321,"minecraft:leave_game":4,"minecraft:time_since_death":334,"minecraft:walk_on_water_one_cm":1968,"minecraft:total_world_time":18866,"minecraft:climb_one_cm":534,"minecraft:fall_one_cm":16427,"minecraft:fly_one_cm":124616}},"DataVersion":3120}