{"stats":{"minecraft:crafted":{"minecraft:sugar":4},"minecraft:picked_up":{"minecraft:stick":2,"minecraft:wheat":6,"minecraft:leather":3,"minecraft:porkchop":8,"minecraft:sand":6,"croptopia:calamari":1,"tombstone:grave_key":1,"minecraft:ink_sac":2,"tombstone:grave_dust":1,"minecraft:wooden_sword":1,"minecraft:bone":3,"minecraft:arrow":2,"minecraft:sugar":4,"minecraft:rotten_flesh":5,"minecraft:wheat_seeds":3,"minecraft:beef":12,"alexsmobs:maggot":1,"tombstone:magic_scroll":1,"minecraft:sugar_cane":45},"minecraft:custom":{"minecraft:time_since_rest":27463,"minecraft:sprint_one_cm":159842,"minecraft:damage_taken":2942,"minecraft:walk_one_cm":256267,"minecraft:interact_with_anvil":2,"minecraft:mob_kills":26,"minecraft:drop":43,"minecraft:damage_dealt":3781,"minecraft:swim_one_cm":9156,"minecraft:fly_one_cm":1105053,"minecraft:player_kills":1,"minecraft:crouch_one_cm":12007,"minecraft:play_time":158048,"minecraft:sneak_time":4567,"tombstone:undead_killed":5,"minecraft:deaths":10,"minecraft:walk_under_water_one_cm":9301,"tombstone:tomb_raiding":1,"minecraft:aviate_one_cm":239547,"minecraft:jump":1553,"minecraft:leave_game":24,"minecraft:time_since_death":27916,"minecraft:walk_on_water_one_cm":7614,"minecraft:total_world_time":158048,"minecraft:climb_one_cm":6155,"minecraft:fall_one_cm":31789},"minecraft:used":{"alexsmobs:maggot":2,"connectedglass:clear_glass_black":4,"minecraft:cow_spawn_egg":6,"minecraft:firework_rocket":27,"minecraft:carved_pumpkin":1,"minecraft:elytra":1,"minecraft:pig_spawn_egg":4,"minecraft:stone":1,"connectedglass:borderless_glass":6,"minecraft:sugar_cane":16,"minecraft:wooden_sword":61,"minecraft:torch":1,"minecraft:anvil":1,"minecraft:rotten_flesh":1,"minecraft:netherrack":3,"minecraft:sand":20,"connectedglass:clear_glass":61,"minecraft:hay_block":1,"connectedglass:clear_glass_black_pane":6,"tombstone:gift":3,"alexsmobs:animal_dictionary":2,"connectedglass:borderless_glass_light_gray_pane":4,"connectedglass:tinted_borderless_glass_black":4},"minecraft:killed":{"minecraft:skeleton":3,"minecraft:husk":1,"alexsmobs:guster":4,"minecraft:zombie":2,"minecraft:pig":4,"alexsmobs:rain_frog":2,"strawgolem:strawgolem":1,"minecraft:cow":6},"minecraft:dropped":{"alexsmobs:maggot":1,"minecraft:sugar_cane":25,"minecraft:ink_sac":2,"tombstone:grave_key":2,"tombstone:grave_dust":1,"minecraft:rotten_flesh":2,"minecraft:sand":5,"minecraft:arrow":1,"minecraft:sugar":4,"croptopia:calamari":1},"minecraft:killed_by":{"minecraft:husk":3,"minecraft:skeleton":1,"minecraft:creeper":1,"minecraft:spider":1},"minecraft:mined":{"minecraft:dead_bush":3,"minecraft:sand":1,"minecraft:sugar_cane":12}},"DataVersion":3120}