{"stats":{"minecraft:broken":{"minecraft:wooden_axe":2},"minecraft:killed":{"alexsmobs:seagull":2,"strawgolem:strawgolem":1,"minecraft:skeleton":3,"minecraft:husk":1,"alexsmobs:guster":4,"minecraft:pig":4,"minecraft:sheep":6,"minecraft:zombie":5,"alexsmobs:rain_frog":2,"minecraft:cow":6},"minecraft:dropped":{"minecraft:wheat_seeds":1,"minecraft:ink_sac":2,"minecraft:torch":64,"tombstone:grave_key":2,"minecraft:melon_slice":30,"tombstone:grave_dust":1,"minecraft:sand":5,"minecraft:sugar":4,"croptopia:calamari":1,"alexsmobs:maggot":1,"minecraft:sugar_cane":25,"alexsmobs:animal_dictionary":1,"minecraft:experience_bottle":3,"minecraft:raw_iron":2,"minecraft:rotten_flesh":2,"minecraft:arrow":1},"minecraft:crafted":{"minecraft:stone_pickaxe":1,"minecraft:sugar":4,"minecraft:crafting_table":1,"minecraft:wooden_pickaxe":1,"minecraft:jungle_planks":184,"minecraft:stick":4,"minecraft:wooden_axe":2,"minecraft:torch":92},"minecraft:picked_up":{"minecraft:crafting_table":3,"minecraft:firework_star":1,"minecraft:wheat":6,"croptopia:stripped_cinnamon_log":3,"croptopia:calamari":1,"tombstone:grave_key":1,"overweight_farming:vegetable_peels":2,"minecraft:wooden_sword":1,"minecraft:item_frame":6,"minecraft:experience_bottle":6,"alexsmobs:komodo_spit":1,"croptopia:cinnamon":4,"alexsmobs:banana":1,"minecraft:beef":12,"overweight_farming:seedless_peeled_melon":3,"minecraft:jungle_sapling":4,"minecraft:iron_pickaxe":1,"minecraft:melon_slice":118,"minecraft:sugar_cane":45,"minecraft:chest":2,"minecraft:raw_iron":33,"minecraft:stick":69,"iceandfire:silver_ore":1,"minecraft:porkchop":8,"croptopia:fig":1,"tombstone:grave_dust":1,"minecraft:diorite":18,"minecraft:carrot":1,"minecraft:redstone":1,"gobber2:gobber2_foo":3,"minecraft:arrow":2,"minecraft:rotten_flesh":9,"minecraft:gold_ingot":7,"minecraft:mutton":8,"minecraft:white_wool":6,"minecraft:cobblestone":151,"minecraft:feather":1,"minecraft:jungle_log":73,"minecraft:leather":3,"croptopia:mango":1,"minecraft:flint":1,"minecraft:dirt":3,"minecraft:map":1,"minecraft:lapis_lazuli":1,"overweight_farming:overweight_apple_block":2,"minecraft:bone":3,"gobber2:gobber2_gooey_beef":1,"minecraft:wheat_seeds":6,"gobber2:gobber2_gooey_bread":5,"minecraft:jungle_planks":29,"minecraft:sand":6,"minecraft:ink_sac":2,"minecraft:acacia_stairs":1,"minecraft:sugar":5,"croptopia:pineapple_seed":2,"croptopia:grapefruit":3,"minecraft:emerald":3,"alexsmobs:maggot":1,"tombstone:magic_scroll":1,"minecraft:melon_seeds":1,"minecraft:coal":39,"gobber2:gobber2_goo":4,"minecraft:ender_pearl":1},"minecraft:used":{"connectedglass:clear_glass_black":4,"minecraft:carved_pumpkin":1,"minecraft:elytra":1,"gobber2:gobber2_gooey_bread":2,"overweight_farming:seedless_peeled_melon":2,"minecraft:stone":1,"minecraft:rotten_flesh":4,"minecraft:netherrack":3,"minecraft:torch":11,"minecraft:anvil":1,"minecraft:jungle_planks":44,"connectedglass:borderless_glass_light_gray_pane":4,"minecraft:jungle_sapling":4,"minecraft:wooden_axe":113,"alexsmobs:maggot":2,"connectedglass:borderless_glass":6,"minecraft:item_frame":3,"minecraft:hay_block":1,"connectedglass:clear_glass_black_pane":6,"croptopia:mango":1,"tombstone:gift":3,"minecraft:wheat_seeds":1,"minecraft:cow_spawn_egg":6,"minecraft:stone_pickaxe":23,"minecraft:wooden_pickaxe":8,"minecraft:sugar_cane":16,"connectedglass:clear_glass":61,"minecraft:sand":20,"minecraft:crafting_table":3,"minecraft:firework_rocket":27,"minecraft:melon_slice":57,"minecraft:pig_spawn_egg":4,"minecraft:iron_pickaxe":200,"overweight_farming:overweight_apple_block":1,"minecraft:wooden_sword":94,"alexsmobs:animal_dictionary":2,"connectedglass:tinted_borderless_glass_black":4,"minecraft:experience_bottle":3},"minecraft:custom":{"minecraft:mob_kills":36,"minecraft:interact_with_anvil":2,"minecraft:interact_with_crafting_table":6,"minecraft:open_barrel":1,"minecraft:leave_game":26,"minecraft:time_since_death":73202,"minecraft:climb_one_cm":18786,"minecraft:sprint_one_cm":411983,"minecraft:walk_one_cm":560137,"minecraft:drop":81,"minecraft:talked_to_villager":2,"minecraft:play_time":296705,"minecraft:deaths":13,"minecraft:sneak_time":9944,"minecraft:walk_under_water_one_cm":19950,"tombstone:tomb_raiding":1,"minecraft:jump":3473,"minecraft:walk_on_water_one_cm":17947,"minecraft:total_world_time":296705,"minecraft:sleep_in_bed":3,"minecraft:time_since_rest":30704,"minecraft:damage_taken":4510,"minecraft:damage_dealt":5268,"minecraft:swim_one_cm":30109,"minecraft:fly_one_cm":1332317,"minecraft:player_kills":1,"minecraft:open_chest":29,"minecraft:crouch_one_cm":27976,"tombstone:undead_killed":8,"minecraft:aviate_one_cm":239547,"minecraft:fall_one_cm":93796},"minecraft:killed_by":{"minecraft:husk":3,"minecraft:creeper":1,"minecraft:spider":1,"minecraft:skeleton":1,"alexsmobs:komodo_dragon":2,"iceandfire:ghost":1},"minecraft:mined":{"iceandfire:silver_ore":1,"minecraft:grass_block":1,"minecraft:jungle_planks":26,"minecraft:jungle_log":73,"gobber2:gobber2_lucky_block":13,"minecraft:jungle_sapling":1,"minecraft:iron_ore":31,"minecraft:fire":35,"overweight_farming:overweight_apple_block":2,"minecraft:acacia_stairs":1,"overweight_farming:seedless_peeled_melon":3,"minecraft:vine":2,"minecraft:stone":145,"minecraft:crafting_table":3,"minecraft:melon":14,"minecraft:chest":1,"minecraft:dead_bush":3,"minecraft:tall_grass":1,"minecraft:sugar_cane":12,"minecraft:diorite":18,"minecraft:grass":6,"minecraft:coal_ore":16,"minecraft:sand":1,"minecraft:dirt":2}},"DataVersion":3120}