{"stats":{"minecraft:killed":{"minecraft:zombie":1,"minecraft:skeleton":1},"minecraft:crafted":{"minecraft:sugar":4},"minecraft:used":{"minecraft:rotten_flesh":1,"minecraft:sand":16,"alexsmobs:animal_dictionary":1,"minecraft:stone":1,"minecraft:sugar_cane":16},"minecraft:killed_by":{"minecraft:husk":2,"minecraft:skeleton":1,"minecraft:creeper":1},"minecraft:custom":{"tombstone:undead_killed":1,"minecraft:time_since_rest":24142,"minecraft:damage_taken":1310,"minecraft:crouch_one_cm":5941,"minecraft:mob_kills":4,"minecraft:play_time":42644,"minecraft:sprint_one_cm":74447,"minecraft:walk_one_cm":111722,"minecraft:deaths":5,"minecraft:sneak_time":2316,"minecraft:walk_under_water_one_cm":5421,"minecraft:drop":31,"minecraft:jump":682,"minecraft:damage_dealt":792,"minecraft:leave_game":4,"minecraft:time_since_death":24112,"minecraft:walk_on_water_one_cm":3147,"minecraft:total_world_time":42644,"minecraft:climb_one_cm":540,"minecraft:swim_one_cm":966,"minecraft:fall_one_cm":16636,"minecraft:fly_one_cm":578734},"minecraft:picked_up":{"minecraft:stick":2,"minecraft:sugar":4,"minecraft:rotten_flesh":1,"minecraft:sand":1,"minecraft:sugar_cane":45,"minecraft:bone":3,"minecraft:arrow":1},"minecraft:mined":{"minecraft:dead_bush":3,"minecraft:sand":1,"minecraft:sugar_cane":12},"minecraft:dropped":{"minecraft:sand":2,"minecraft:sugar_cane":25,"minecraft:sugar":4}},"DataVersion":3120}