{"stats":{"minecraft:picked_up":{"minecraft:cocoa_beans":6,"minecraft:charcoal":4,"minecraft:crafting_table":8,"minecraft:wheat":5,"croptopia:cinnamon_log":6,"croptopia:stripped_cinnamon_log":10,"croptopia:kumquat":13,"minecraft:raw_copper":48,"minecraft:red_bed":1,"minecraft:item_frame":9,"minecraft:experience_bottle":2,"minecraft:beetroot":9,"croptopia:cinnamon":12,"minecraft:cartography_table":1,"alexsmobs:banana":4,"minecraft:cobbled_deepslate":497,"overweight_farming:seedless_peeled_melon":1,"minecraft:jungle_sapling":3,"croptopia:coconut":6,"croptopia:cinnamon_sapling":5,"minecraft:melon_slice":82,"minecraft:sugar_cane":9,"minecraft:chest":12,"farmersdelight:cabbage_seeds":10,"minecraft:furnace":4,"minecraft:stick":18,"minecraft:raw_iron":24,"minecraft:torch":110,"iceandfire:silver_ore":7,"croptopia:vanilla":1,"farmersdelight:tomato_seeds":6,"croptopia:ginger_seed":2,"croptopia:fig":3,"minecraft:diorite":57,"tombstone:grave_dust":2,"minecraft:redstone":78,"croptopia:banana":3,"gobber2:gobber2_foo":6,"minecraft:rotten_flesh":10,"minecraft:lime_carpet":1,"minecraft:hay_block":2,"minecraft:carved_pumpkin":2,"croptopia:vanilla_seeds":2,"minecraft:saddle":3,"minecraft:gold_ingot":1,"minecraft:obsidian":1,"alexsmobs:kangaroo_meat":1,"minecraft:cod":9,"croptopia:garlic_seed":1,"minecraft:cobblestone":259,"minecraft:feather":4,"minecraft:andesite":24,"minecraft:jungle_log":32,"gobber2:gobber2_gooey_beefstew":2,"croptopia:mango":4,"minecraft:tuff":40,"minecraft:oak_log":4,"minecraft:yellow_bed":1,"minecraft:paper":14,"minecraft:dirt":32,"tombstone:gift":1,"minecraft:cooked_mutton":9,"croptopia:rice_seed":3,"croptopia:garlic":1,"gobber2:gobber2_gooey_beef":2,"minecraft:wheat_seeds":28,"artifacts:whoopee_cushion":1,"minecraft:iron_ingot":9,"croptopia:pineapple":1,"croptopia:nutmeg":3,"minecraft:fletching_table":1,"minecraft:rabbit":1,"minecraft:bamboo":17,"minecraft:acacia_sapling":10,"minecraft:oak_planks":8,"gobber2:gobber2_gooey_bread":6,"minecraft:book":2,"croptopia:peanut":1,"croptopia:peanut_seed":2,"minecraft:pumpkin":8,"croptopia:ginger":1,"croptopia:rice":2,"minecraft:gravel":36,"minecraft:jungle_planks":22,"alexsmobs:animal_dictionary":1,"minecraft:barrel":6,"minecraft:diamond":4,"minecraft:soul_lantern":1,"minecraft:granite":5,"minecraft:grass":4,"croptopia:grapefruit":2,"minecraft:spruce_sign":4,"minecraft:bread":15,"minecraft:oak_sapling":3,"minecraft:melon_seeds":3,"gobber2:gobber2_goo":8,"minecraft:coal":116},"minecraft:killed":{"minecraft:spider":1,"alexsmobs:seagull":3,"creeperoverhaul:bamboo_creeper":3,"alexsmobs:kangaroo":1,"minecraft:zombie":7},"minecraft:killed_by":{"minecraft:player":1,"alexsmobs:komodo_dragon":2},"minecraft:mined":{"minecraft:tuff":41,"iceandfire:silver_ore":7,"minecraft:deepslate_diamond_ore":4,"minecraft:jungle_leaves":13,"minecraft:carved_pumpkin":1,"minecraft:granite":5,"minecraft:grass_block":9,"minecraft:jungle_planks":25,"croptopia:stripped_cinnamon_log":13,"gobber2:gobber2_lucky_block":24,"minecraft:jungle_log":30,"minecraft:cartography_table":1,"minecraft:hay_block":2,"croptopia:ginger_crop":1,"minecraft:furnace":4,"minecraft:cobbled_deepslate":8,"minecraft:iron_ore":19,"minecraft:fire":4,"minecraft:barrel":6,"minecraft:andesite":25,"minecraft:pumpkin":8,"overweight_farming:seedless_peeled_melon":1,"minecraft:fletching_table":1,"minecraft:deepslate_iron_ore":7,"minecraft:vine":2,"minecraft:dirt_path":8,"minecraft:bamboo":1,"minecraft:stone":267,"minecraft:deepslate_redstone_ore":21,"minecraft:red_bed":1,"minecraft:crafting_table":7,"minecraft:torch":5,"croptopia:cinnamon_log":6,"croptopia:garlic_crop":1,"minecraft:melon":15,"minecraft:chest":13,"minecraft:dead_bush":3,"minecraft:lime_carpet":1,"minecraft:campfire":2,"minecraft:spruce_wall_sign":2,"minecraft:copper_ore":13,"minecraft:tall_grass":10,"minecraft:cobblestone":2,"minecraft:sugar_cane":5,"minecraft:oak_planks":8,"minecraft:diorite":59,"minecraft:wall_torch":22,"minecraft:spruce_sign":2,"croptopia:peanut_crop":1,"croptopia:pineapple_crop":1,"minecraft:wheat":3,"minecraft:yellow_bed":2,"croptopia:vanilla_crop":1,"minecraft:grass":50,"minecraft:oak_log":4,"minecraft:coal_ore":93,"croptopia:cinnamon_leaves":15,"minecraft:cocoa":3,"croptopia:rice_crop":2,"minecraft:gravel":13,"minecraft:dirt":16,"minecraft:oak_leaves":21,"minecraft:deepslate":553,"minecraft:fern":5},"minecraft:used":{"minecraft:carved_pumpkin":1,"minecraft:chest":8,"minecraft:rotten_flesh":21,"minecraft:iron_chestplate":1,"minecraft:torch":191,"minecraft:dirt":30,"minecraft:jungle_planks":14,"croptopia:cinnamon_log":6,"minecraft:tuff":22,"minecraft:wooden_axe":285,"minecraft:iron_axe":11,"minecraft:jungle_log":7,"minecraft:iron_helmet":1,"minecraft:iron_boots":1,"minecraft:barrel":1,"minecraft:item_frame":1,"minecraft:hay_block":2,"minecraft:furnace":2,"tombstone:gift":3,"minecraft:cobbled_deepslate":70,"minecraft:iron_leggings":1,"minecraft:wheat_seeds":5,"minecraft:cooked_mutton":4,"minecraft:diorite":47,"minecraft:stone_pickaxe":444,"minecraft:oak_planks":3,"minecraft:spruce_sign":3,"minecraft:crafting_table":10,"minecraft:diamond_pickaxe":23,"minecraft:firework_rocket":9,"gobber2:gobber2_gooey_beefstew":1,"minecraft:lime_carpet":1,"minecraft:bread":6,"minecraft:melon_slice":14,"minecraft:iron_pickaxe":720,"minecraft:cobblestone":86,"minecraft:cooked_rabbit":1,"minecraft:andesite":21,"minecraft:yellow_bed":1,"alexsmobs:animal_dictionary":1,"minecraft:experience_bottle":2},"minecraft:crafted":{"minecraft:oak_planks":16,"minecraft:coal":1,"minecraft:iron_boots":2,"croptopia:vanilla_seeds":1,"minecraft:iron_axe":1,"minecraft:melon_seeds":1,"minecraft:stone_pickaxe":8,"minecraft:chest":2,"minecraft:cooked_rabbit":1,"croptopia:pineapple_seed":1,"minecraft:emerald":2,"croptopia:garlic_seed":1,"minecraft:crafting_table":5,"croptopia:stripped_cinnamon_wood":1,"minecraft:iron_helmet":2,"minecraft:copper_ingot":60,"croptopia:ginger_seed":1,"minecraft:stone_axe":1,"minecraft:jungle_planks":84,"minecraft:air":0,"croptopia:rice_seed":2,"croptopia:peanut_seed":1,"minecraft:iron_chestplate":1,"minecraft:diamond_pickaxe":1,"minecraft:stick":196,"minecraft:iron_ingot":45,"minecraft:iron_pickaxe":4,"minecraft:wooden_axe":7,"minecraft:iron_leggings":2,"minecraft:torch":228,"minecraft:firework_rocket":9},"minecraft:broken":{"minecraft:stone_pickaxe":2,"minecraft:iron_pickaxe":1,"minecraft:wooden_axe":3},"minecraft:dropped":{"minecraft:bread":9,"minecraft:iron_helmet":1,"minecraft:coal":46,"minecraft:item_frame":3,"minecraft:stick":72,"minecraft:iron_leggings":1,"minecraft:iron_pickaxe":1,"minecraft:furnace":1,"minecraft:stone_axe":1,"minecraft:obsidian":1,"minecraft:oak_planks":1,"minecraft:iron_boots":1,"minecraft:cooked_mutton":3,"minecraft:iron_chestplate":1,"minecraft:jungle_log":2,"minecraft:stone_pickaxe":1},"minecraft:custom":{"minecraft:mob_kills":17,"minecraft:interact_with_crafting_table":31,"minecraft:open_barrel":2,"goblintraders:trade_with_goblin":33,"minecraft:bell_ring":19,"minecraft:leave_game":11,"minecraft:time_since_death":215131,"minecraft:climb_one_cm":9933,"minecraft:sprint_one_cm":162440,"minecraft:walk_one_cm":708018,"minecraft:drop":26,"minecraft:talked_to_villager":1,"minecraft:play_time":276351,"minecraft:sneak_time":8160,"minecraft:deaths":3,"minecraft:walk_under_water_one_cm":10569,"minecraft:interact_with_brewingstand":2,"minecraft:jump":2820,"minecraft:walk_on_water_one_cm":10161,"minecraft:total_world_time":276351,"minecraft:interact_with_furnace":24,"minecraft:sleep_in_bed":8,"minecraft:time_since_rest":141537,"minecraft:damage_taken":2140,"tombstone:sneak_grave":2,"minecraft:damage_dealt":3047,"minecraft:swim_one_cm":7259,"minecraft:fly_one_cm":246204,"minecraft:open_chest":74,"minecraft:crouch_one_cm":8340,"tombstone:undead_killed":7,"minecraft:inspect_dispenser":3,"minecraft:fall_one_cm":72679}},"DataVersion":3120}