{"stats":{"minecraft:crafted":{"minecraft:oak_planks":16,"minecraft:green_dye":1,"minecraft:iron_boots":2,"minecraft:melon_seeds":1,"croptopia:flour":5,"minecraft:chest":2,"minecraft:cooked_rabbit":1,"croptopia:pineapple_seed":1,"sophisticatedbackpacks:backpack":3,"minecraft:emerald":9,"croptopia:garlic_seed":1,"minecraft:crafting_table":5,"minecraft:iron_helmet":2,"minecraft:copper_ingot":92,"croptopia:ginger_seed":1,"croptopia:peanut_seed":1,"minecraft:iron_chestplate":1,"minecraft:diamond_pickaxe":1,"minecraft:purple_dye":2,"minecraft:stick":256,"minecraft:iron_ingot":121,"minecraft:iron_pickaxe":5,"minecraft:coal":1,"croptopia:vanilla_seeds":2,"minecraft:iron_axe":1,"minecraft:stone_pickaxe":10,"minecraft:wheat":189,"sophisticatedbackpacks:iron_backpack":7,"minecraft:cooked_beef":11,"minecraft:red_dye":4,"minecraft:cyan_dye":2,"iceandfire:silver_ingot":2,"croptopia:stripped_cinnamon_wood":1,"sophisticatedbackpacks:gold_backpack":2,"minecraft:stone_axe":1,"minecraft:air":0,"minecraft:jungle_planks":84,"minecraft:blue_dye":2,"croptopia:rice_seed":2,"minecraft:white_dye":2,"minecraft:flint":6,"minecraft:wooden_axe":7,"minecraft:iron_leggings":2,"minecraft:torch":400,"minecraft:firework_rocket":9},"minecraft:killed":{"minecraft:spider":2,"creeperoverhaul:bamboo_creeper":3,"alexsmobs:kangaroo":1,"minecraft:pig":2,"minecraft:iron_golem":2,"minecraft:sheep":3,"minecraft:zombie":8,"minecraft:cow":3,"alexsmobs:seagull":3,"minecraft:horse":2,"alexsmobs:flying_fish":5,"alexsmobs:gazelle":1,"alexsmobs:crow":1},"minecraft:broken":{"minecraft:stone_pickaxe":2,"minecraft:wooden_axe":3,"minecraft:iron_pickaxe":2,"minecraft:golden_pickaxe":1},"minecraft:killed_by":{"alexsmobs:komodo_dragon":2,"minecraft:player":1},"minecraft:picked_up":{"minecraft:wheat":206,"croptopia:cinnamon_log":6,"minecraft:flower_pot":2,"croptopia:grape_seed":1,"croptopia:stripped_cinnamon_log":10,"croptopia:calamari":1,"minecraft:amethyst_block":15,"minecraft:string":7,"minecraft:raw_copper":64,"minecraft:experience_bottle":2,"minecraft:beetroot":9,"alexsmobs:banana":4,"minecraft:cobbled_deepslate":945,"minecraft:calcite":26,"minecraft:melon_slice":87,"croptopia:cinnamon_sapling":5,"farmersdelight:cabbage_seeds":10,"minecraft:furnace":4,"minecraft:stick":18,"minecraft:acacia_fence":2,"minecraft:torch":132,"iceandfire:silver_ore":8,"minecraft:spruce_stairs":1,"minecraft:porkchop":5,"croptopia:vanilla":2,"croptopia:fig":3,"croptopia:ginger_seed":2,"tombstone:grave_dust":2,"minecraft:diorite":105,"gobber2:gobber2_foo":7,"simplyswords:diamond_warglaive":1,"minecraft:lime_carpet":1,"minecraft:cactus":6,"minecraft:rotten_flesh":11,"minecraft:carved_pumpkin":2,"croptopia:vanilla_seeds":4,"minecraft:obsidian":1,"minecraft:cod":11,"croptopia:garlic_seed":1,"morebows:diamond_bow":1,"alexsmobs:flying_fish":5,"minecraft:cobblestone":778,"minecraft:feather":8,"minecraft:andesite":35,"minecraft:jungle_log":32,"croptopia:mango":4,"minecraft:flint":5,"minecraft:tuff":76,"minecraft:dirt":40,"minecraft:lapis_lazuli":47,"overweight_farming:overweight_apple_block":1,"minecraft:lantern":2,"gobber2:gobber2_gooey_beef":5,"minecraft:wheat_seeds":605,"minecraft:raw_gold":27,"croptopia:nutmeg":3,"minecraft:rabbit":1,"minecraft:fletching_table":1,"minecraft:bamboo":17,"minecraft:oak_planks":8,"gobber2:gobber2_gooey_bread":16,"croptopia:dragonfruit":2,"croptopia:rice":2,"croptopia:ginger":1,"minecraft:jungle_planks":22,"sophisticatedbackpacks:iron_backpack":4,"minecraft:ink_sac":3,"alexsmobs:animal_dictionary":1,"minecraft:barrel":6,"minecraft:diamond":4,"minecraft:soul_lantern":1,"minecraft:granite":62,"minecraft:grass":4,"minecraft:bone_meal":16,"minecraft:spruce_sign":4,"minecraft:bread":23,"minecraft:emerald":1,"minecraft:oak_sapling":3,"gobber2:gobber2_goo":18,"minecraft:cocoa_beans":6,"minecraft:charcoal":4,"minecraft:crafting_table":8,"croptopia:kumquat":14,"minecraft:cornflower":3,"minecraft:red_bed":1,"overweight_farming:vegetable_peels":1,"minecraft:item_frame":10,"croptopia:cinnamon":12,"minecraft:cartography_table":1,"minecraft:beef":7,"overweight_farming:seedless_peeled_melon":1,"minecraft:jungle_sapling":3,"croptopia:coconut":6,"minecraft:poppy":7,"minecraft:sugar_cane":9,"minecraft:chest":16,"minecraft:raw_iron":79,"iceandfire:dragonbone":2,"farmersdelight:tomato_seeds":6,"minecraft:redstone":181,"croptopia:banana":3,"croptopia:grape":1,"minecraft:weeping_vines":1,"minecraft:hay_block":23,"minecraft:saddle":3,"minecraft:gold_ingot":1,"minecraft:mutton":4,"minecraft:white_wool":4,"alexsmobs:kangaroo_meat":1,"gobber2:gobber2_gooey_beefstew":3,"minecraft:leather":16,"minecraft:oak_log":4,"minecraft:yellow_bed":1,"minecraft:paper":15,"tombstone:gift":1,"croptopia:rice_seed":5,"minecraft:cooked_mutton":9,"croptopia:garlic":1,"artifacts:whoopee_cushion":1,"croptopia:pineapple":1,"minecraft:iron_ingot":18,"minecraft:acacia_sapling":10,"minecraft:book":2,"croptopia:peanut":1,"croptopia:peanut_seed":2,"minecraft:smooth_basalt":6,"minecraft:pumpkin":8,"minecraft:gravel":41,"minecraft:amethyst_shard":28,"croptopia:grapefruit":2,"minecraft:melon_seeds":3,"minecraft:coal":166},"minecraft:custom":{"minecraft:animals_bred":6,"minecraft:interact_with_crafting_table":47,"minecraft:open_barrel":4,"goblintraders:trade_with_goblin":89,"minecraft:bell_ring":19,"minecraft:leave_game":17,"minecraft:time_since_death":430304,"minecraft:sprint_one_cm":477911,"minecraft:drop":44,"minecraft:talked_to_villager":4,"minecraft:play_time":491524,"minecraft:deaths":3,"minecraft:jump":5307,"minecraft:interact_with_brewingstand":2,"minecraft:walk_on_water_one_cm":20118,"minecraft:interact_with_furnace":37,"minecraft:sleep_in_bed":13,"tombstone:sneak_grave":2,"minecraft:damage_dealt":6138,"minecraft:crouch_one_cm":15243,"tombstone:undead_killed":8,"minecraft:inspect_dispenser":3,"minecraft:mob_kills":39,"minecraft:climb_one_cm":10248,"minecraft:walk_one_cm":1335466,"minecraft:sneak_time":16025,"minecraft:walk_under_water_one_cm":15767,"minecraft:total_world_time":491524,"minecraft:pot_flower":1,"minecraft:time_since_rest":42225,"minecraft:damage_taken":2442,"minecraft:swim_one_cm":14096,"minecraft:fly_one_cm":596851,"minecraft:open_chest":200,"minecraft:fall_one_cm":135073},"minecraft:used":{"minecraft:chest":14,"minecraft:rotten_flesh":21,"minecraft:iron_chestplate":1,"minecraft:jungle_planks":15,"croptopia:cinnamon_log":6,"minecraft:tuff":31,"minecraft:lantern":2,"minecraft:iron_helmet":1,"minecraft:item_frame":2,"minecraft:hay_block":2,"minecraft:furnace":3,"minecraft:diorite":77,"minecraft:stone_pickaxe":785,"minecraft:oak_planks":3,"minecraft:white_wool":2,"simplyswords:diamond_warglaive":38,"minecraft:firework_rocket":9,"gobber2:gobber2_gooey_beefstew":1,"minecraft:lime_carpet":1,"minecraft:bread":30,"minecraft:melon_slice":14,"minecraft:gravel":1,"minecraft:cooked_rabbit":1,"minecraft:andesite":21,"minecraft:bone_meal":6,"minecraft:golden_pickaxe":32,"minecraft:experience_bottle":2,"minecraft:cobweb":6,"sophisticatedbackpacks:iron_backpack":4,"minecraft:carved_pumpkin":1,"minecraft:torch":394,"minecraft:dirt":30,"minecraft:spruce_stairs":1,"minecraft:wooden_axe":285,"minecraft:iron_axe":108,"minecraft:jungle_log":7,"minecraft:iron_boots":1,"minecraft:barrel":1,"minecraft:smooth_basalt":5,"tombstone:gift":3,"minecraft:cobbled_deepslate":70,"minecraft:iron_leggings":1,"sophisticatedbackpacks:gold_backpack":1,"minecraft:wheat_seeds":356,"minecraft:cooked_mutton":4,"minecraft:spruce_sign":3,"minecraft:crafting_table":10,"minecraft:cod":2,"minecraft:flower_pot":1,"minecraft:diamond_pickaxe":468,"minecraft:iron_pickaxe":1416,"minecraft:cobblestone":227,"minecraft:yellow_bed":1,"alexsmobs:animal_dictionary":1},"minecraft:mined":{"farmersdelight:rich_soil":1,"minecraft:farmland":2,"croptopia:grape_crop":1,"minecraft:jungle_leaves":13,"minecraft:carved_pumpkin":1,"minecraft:granite":74,"minecraft:budding_amethyst":1,"minecraft:grass_block":9,"sophisticatedbackpacks:iron_backpack":1,"croptopia:stripped_cinnamon_log":13,"gobber2:gobber2_lucky_block":47,"minecraft:jungle_log":30,"minecraft:cobbled_deepslate":11,"minecraft:iron_ore":74,"minecraft:fire":4,"minecraft:barrel":6,"overweight_farming:overweight_apple_block":1,"minecraft:pumpkin":8,"minecraft:fletching_table":1,"minecraft:deepslate_lapis_ore":8,"minecraft:dirt_path":8,"minecraft:deepslate_redstone_ore":45,"minecraft:red_bed":1,"minecraft:amethyst_cluster":7,"minecraft:torch":8,"croptopia:cinnamon_log":6,"minecraft:calcite":30,"croptopia:garlic_crop":1,"minecraft:poppy":5,"minecraft:melon":16,"minecraft:chest":17,"minecraft:dead_bush":3,"minecraft:spruce_wall_sign":2,"minecraft:cobblestone":26,"minecraft:sugar_cane":5,"minecraft:oak_planks":8,"minecraft:wall_torch":34,"minecraft:spruce_sign":2,"minecraft:amethyst_block":13,"minecraft:seagrass":2,"croptopia:peanut_crop":1,"croptopia:pineapple_crop":1,"minecraft:wheat":15,"croptopia:vanilla_crop":2,"minecraft:grass":79,"minecraft:oak_log":4,"croptopia:cinnamon_leaves":15,"croptopia:rice_crop":3,"minecraft:acacia_fence":2,"minecraft:dirt":35,"minecraft:smooth_basalt":18,"minecraft:oak_leaves":21,"minecraft:deepslate":1030,"minecraft:tuff":98,"iceandfire:silver_ore":8,"minecraft:deepslate_diamond_ore":4,"minecraft:jungle_planks":25,"minecraft:cartography_table":1,"minecraft:hay_block":23,"croptopia:ginger_crop":1,"minecraft:furnace":4,"minecraft:andesite":41,"overweight_farming:seedless_peeled_melon":1,"minecraft:deepslate_iron_ore":7,"minecraft:vine":2,"minecraft:bamboo":1,"minecraft:stone":794,"minecraft:white_wool":2,"minecraft:glass_pane":2,"minecraft:crafting_table":7,"minecraft:cornflower":1,"minecraft:lime_carpet":1,"minecraft:campfire":2,"minecraft:tall_grass":24,"minecraft:copper_ore":17,"minecraft:deepslate_gold_ore":13,"minecraft:diorite":107,"minecraft:spruce_stairs":1,"gobber2:gobber2_lucky_block_deepslate":2,"minecraft:yellow_bed":2,"minecraft:coal_ore":143,"minecraft:cocoa":3,"minecraft:flower_pot":2,"minecraft:gravel":23,"minecraft:cobweb":6,"minecraft:gold_ore":14,"minecraft:fern":5},"minecraft:dropped":{"sophisticatedbackpacks:iron_backpack":2,"minecraft:item_frame":3,"minecraft:cornflower":1,"minecraft:iron_pickaxe":1,"minecraft:stone_axe":1,"minecraft:cobbled_deepslate":64,"minecraft:obsidian":1,"minecraft:oak_planks":1,"minecraft:cooked_mutton":3,"minecraft:jungle_log":2,"minecraft:iron_ingot":3,"minecraft:bread":18,"minecraft:iron_helmet":1,"minecraft:amethyst_block":2,"minecraft:coal":46,"minecraft:stick":72,"minecraft:torch":128,"minecraft:iron_leggings":1,"minecraft:furnace":1,"minecraft:iron_boots":1,"minecraft:iron_chestplate":1,"minecraft:stone_pickaxe":1,"minecraft:calcite":1}},"DataVersion":3120}