{"stats":{"minecraft:picked_up":{"minecraft:cocoa_beans":6,"minecraft:charcoal":4,"minecraft:crafting_table":8,"minecraft:wheat":166,"minecraft:flower_pot":2,"croptopia:cinnamon_log":6,"croptopia:stripped_cinnamon_log":10,"croptopia:calamari":1,"croptopia:kumquat":13,"minecraft:amethyst_block":15,"minecraft:cornflower":2,"overweight_farming:vegetable_peels":1,"minecraft:red_bed":1,"minecraft:raw_copper":48,"minecraft:item_frame":10,"minecraft:experience_bottle":2,"minecraft:beetroot":9,"croptopia:cinnamon":12,"minecraft:cartography_table":1,"alexsmobs:banana":4,"minecraft:cobbled_deepslate":945,"minecraft:beef":3,"overweight_farming:seedless_peeled_melon":1,"minecraft:calcite":8,"minecraft:jungle_sapling":3,"croptopia:coconut":6,"croptopia:cinnamon_sapling":5,"minecraft:melon_slice":87,"minecraft:sugar_cane":9,"minecraft:chest":12,"farmersdelight:cabbage_seeds":10,"minecraft:furnace":4,"minecraft:stick":18,"minecraft:raw_iron":34,"minecraft:torch":125,"minecraft:spruce_stairs":1,"iceandfire:silver_ore":7,"croptopia:vanilla":1,"farmersdelight:tomato_seeds":6,"croptopia:ginger_seed":2,"minecraft:diorite":57,"tombstone:grave_dust":2,"croptopia:fig":3,"minecraft:redstone":181,"croptopia:banana":3,"gobber2:gobber2_foo":7,"simplyswords:diamond_warglaive":1,"minecraft:lime_carpet":1,"minecraft:rotten_flesh":10,"minecraft:hay_block":2,"minecraft:carved_pumpkin":2,"minecraft:saddle":3,"minecraft:gold_ingot":1,"croptopia:vanilla_seeds":2,"minecraft:mutton":1,"minecraft:obsidian":1,"minecraft:cod":9,"croptopia:garlic_seed":1,"alexsmobs:kangaroo_meat":1,"alexsmobs:flying_fish":4,"minecraft:cobblestone":341,"minecraft:feather":4,"minecraft:andesite":29,"minecraft:jungle_log":32,"minecraft:leather":1,"gobber2:gobber2_gooey_beefstew":2,"croptopia:mango":4,"minecraft:tuff":76,"minecraft:oak_log":4,"minecraft:yellow_bed":1,"minecraft:lapis_lazuli":47,"minecraft:paper":14,"minecraft:dirt":32,"tombstone:gift":1,"croptopia:garlic":1,"croptopia:rice_seed":3,"minecraft:cooked_mutton":9,"gobber2:gobber2_gooey_beef":2,"minecraft:wheat_seeds":491,"minecraft:raw_gold":19,"minecraft:iron_ingot":9,"croptopia:pineapple":1,"artifacts:whoopee_cushion":1,"croptopia:nutmeg":3,"minecraft:fletching_table":1,"minecraft:rabbit":1,"minecraft:bamboo":17,"minecraft:oak_planks":8,"minecraft:acacia_sapling":10,"gobber2:gobber2_gooey_bread":9,"minecraft:book":2,"croptopia:peanut_seed":2,"croptopia:peanut":1,"minecraft:pumpkin":8,"croptopia:ginger":1,"croptopia:rice":2,"minecraft:gravel":38,"minecraft:jungle_planks":22,"minecraft:amethyst_shard":28,"minecraft:ink_sac":3,"alexsmobs:animal_dictionary":1,"minecraft:barrel":6,"minecraft:diamond":4,"minecraft:soul_lantern":1,"minecraft:bone_meal":16,"minecraft:granite":5,"minecraft:grass":4,"croptopia:grapefruit":2,"minecraft:spruce_sign":4,"minecraft:bread":18,"minecraft:oak_sapling":3,"minecraft:melon_seeds":3,"gobber2:gobber2_goo":11,"minecraft:coal":139},"minecraft:killed":{"minecraft:spider":1,"alexsmobs:seagull":3,"creeperoverhaul:bamboo_creeper":3,"minecraft:horse":1,"alexsmobs:flying_fish":4,"alexsmobs:kangaroo":1,"minecraft:zombie":7,"alexsmobs:gazelle":1,"minecraft:cow":1},"minecraft:killed_by":{"minecraft:player":1,"alexsmobs:komodo_dragon":2},"minecraft:mined":{"minecraft:tuff":98,"minecraft:farmland":2,"iceandfire:silver_ore":7,"minecraft:deepslate_diamond_ore":4,"minecraft:jungle_leaves":13,"minecraft:carved_pumpkin":1,"minecraft:granite":17,"minecraft:budding_amethyst":1,"minecraft:grass_block":9,"minecraft:jungle_planks":25,"gobber2:gobber2_lucky_block":29,"croptopia:stripped_cinnamon_log":13,"minecraft:jungle_log":30,"minecraft:cartography_table":1,"minecraft:hay_block":2,"croptopia:ginger_crop":1,"minecraft:furnace":4,"minecraft:iron_ore":29,"minecraft:cobbled_deepslate":11,"minecraft:fire":4,"minecraft:barrel":6,"minecraft:andesite":35,"overweight_farming:seedless_peeled_melon":1,"minecraft:deepslate_lapis_ore":8,"minecraft:pumpkin":8,"minecraft:fletching_table":1,"minecraft:dirt_path":8,"minecraft:deepslate_iron_ore":7,"minecraft:vine":2,"minecraft:bamboo":1,"minecraft:stone":356,"minecraft:deepslate_redstone_ore":45,"minecraft:glass_pane":2,"minecraft:red_bed":1,"minecraft:amethyst_cluster":7,"minecraft:crafting_table":7,"minecraft:torch":6,"croptopia:cinnamon_log":6,"croptopia:garlic_crop":1,"minecraft:calcite":11,"minecraft:melon":16,"minecraft:chest":13,"minecraft:dead_bush":3,"minecraft:lime_carpet":1,"minecraft:campfire":2,"minecraft:spruce_wall_sign":2,"minecraft:copper_ore":13,"minecraft:tall_grass":16,"minecraft:cobblestone":15,"minecraft:deepslate_gold_ore":13,"minecraft:oak_planks":8,"minecraft:sugar_cane":5,"minecraft:spruce_sign":2,"minecraft:wall_torch":31,"minecraft:diorite":59,"minecraft:amethyst_block":13,"minecraft:seagrass":1,"minecraft:spruce_stairs":1,"croptopia:peanut_crop":1,"croptopia:pineapple_crop":1,"minecraft:wheat":14,"gobber2:gobber2_lucky_block_deepslate":2,"croptopia:vanilla_crop":1,"minecraft:yellow_bed":2,"minecraft:grass":55,"croptopia:cinnamon_leaves":15,"minecraft:oak_log":4,"minecraft:coal_ore":116,"minecraft:cocoa":3,"croptopia:rice_crop":2,"minecraft:flower_pot":2,"minecraft:gravel":19,"minecraft:dirt":27,"minecraft:smooth_basalt":11,"minecraft:gold_ore":6,"minecraft:oak_leaves":21,"minecraft:deepslate":1030,"minecraft:fern":5},"minecraft:used":{"minecraft:carved_pumpkin":1,"minecraft:chest":9,"minecraft:rotten_flesh":21,"minecraft:iron_chestplate":1,"minecraft:torch":315,"minecraft:dirt":30,"minecraft:jungle_planks":15,"minecraft:spruce_stairs":1,"croptopia:cinnamon_log":6,"minecraft:tuff":31,"minecraft:wooden_axe":285,"minecraft:iron_axe":36,"minecraft:jungle_log":7,"minecraft:iron_helmet":1,"minecraft:iron_boots":1,"minecraft:barrel":1,"minecraft:item_frame":2,"minecraft:hay_block":2,"minecraft:furnace":3,"tombstone:gift":3,"minecraft:cobbled_deepslate":70,"minecraft:iron_leggings":1,"minecraft:wheat_seeds":356,"minecraft:cooked_mutton":4,"minecraft:diorite":47,"minecraft:stone_pickaxe":785,"minecraft:oak_planks":3,"minecraft:spruce_sign":3,"simplyswords:diamond_warglaive":2,"minecraft:crafting_table":10,"minecraft:flower_pot":1,"minecraft:firework_rocket":9,"minecraft:diamond_pickaxe":458,"gobber2:gobber2_gooey_beefstew":1,"minecraft:lime_carpet":1,"minecraft:bread":14,"minecraft:melon_slice":14,"minecraft:iron_pickaxe":755,"minecraft:gravel":1,"minecraft:cobblestone":156,"minecraft:cooked_rabbit":1,"minecraft:andesite":21,"minecraft:yellow_bed":1,"alexsmobs:animal_dictionary":1,"minecraft:experience_bottle":2},"minecraft:crafted":{"minecraft:oak_planks":16,"minecraft:coal":1,"minecraft:iron_boots":2,"croptopia:vanilla_seeds":1,"minecraft:iron_axe":1,"minecraft:melon_seeds":1,"minecraft:stone_pickaxe":10,"minecraft:chest":2,"minecraft:cooked_rabbit":1,"croptopia:pineapple_seed":1,"minecraft:emerald":2,"iceandfire:silver_ingot":2,"croptopia:garlic_seed":1,"minecraft:crafting_table":5,"croptopia:stripped_cinnamon_wood":1,"minecraft:iron_helmet":2,"minecraft:copper_ingot":60,"croptopia:ginger_seed":1,"minecraft:stone_axe":1,"minecraft:air":0,"minecraft:jungle_planks":84,"croptopia:rice_seed":2,"croptopia:peanut_seed":1,"minecraft:iron_chestplate":1,"minecraft:diamond_pickaxe":1,"minecraft:stick":256,"minecraft:iron_ingot":50,"minecraft:iron_pickaxe":4,"minecraft:wooden_axe":7,"minecraft:iron_leggings":2,"minecraft:torch":400,"minecraft:firework_rocket":9},"minecraft:broken":{"minecraft:stone_pickaxe":2,"minecraft:iron_pickaxe":1,"minecraft:wooden_axe":3},"minecraft:dropped":{"minecraft:bread":18,"minecraft:iron_helmet":1,"minecraft:amethyst_block":2,"minecraft:coal":46,"minecraft:item_frame":3,"minecraft:stick":72,"minecraft:cornflower":1,"minecraft:torch":128,"minecraft:iron_leggings":1,"minecraft:iron_pickaxe":1,"minecraft:furnace":1,"minecraft:stone_axe":1,"minecraft:cobbled_deepslate":64,"minecraft:obsidian":1,"minecraft:oak_planks":1,"minecraft:iron_boots":1,"minecraft:cooked_mutton":3,"minecraft:iron_chestplate":1,"minecraft:jungle_log":2,"minecraft:stone_pickaxe":1,"minecraft:calcite":1},"minecraft:custom":{"minecraft:mob_kills":24,"minecraft:interact_with_crafting_table":32,"minecraft:open_barrel":4,"goblintraders:trade_with_goblin":33,"minecraft:bell_ring":19,"minecraft:leave_game":13,"minecraft:time_since_death":321676,"minecraft:climb_one_cm":9933,"minecraft:sprint_one_cm":274579,"minecraft:walk_one_cm":974226,"minecraft:drop":41,"minecraft:talked_to_villager":2,"minecraft:play_time":382896,"minecraft:sneak_time":13917,"minecraft:deaths":3,"minecraft:walk_under_water_one_cm":10998,"minecraft:interact_with_brewingstand":2,"minecraft:jump":3902,"minecraft:walk_on_water_one_cm":12057,"minecraft:total_world_time":382896,"minecraft:interact_with_furnace":30,"minecraft:pot_flower":1,"minecraft:sleep_in_bed":11,"minecraft:time_since_rest":13056,"minecraft:damage_taken":2254,"tombstone:sneak_grave":2,"minecraft:damage_dealt":3721,"minecraft:swim_one_cm":7259,"minecraft:fly_one_cm":379099,"minecraft:open_chest":113,"minecraft:crouch_one_cm":11953,"tombstone:undead_killed":7,"minecraft:inspect_dispenser":3,"minecraft:fall_one_cm":99199}},"DataVersion":3120}