{"stats":{"minecraft:picked_up":{"minecraft:wheat":259,"croptopia:cinnamon_log":6,"minecraft:flower_pot":3,"croptopia:grape_seed":1,"croptopia:stripped_cinnamon_log":10,"croptopia:calamari":2,"minecraft:amethyst_block":15,"iceandfire:manuscript":13,"minecraft:string":7,"minecraft:raw_copper":64,"minecraft:experience_bottle":2,"minecraft:beetroot":9,"alexsmobs:banana":4,"minecraft:cobbled_deepslate":1066,"minecraft:calcite":26,"minecraft:melon_slice":87,"croptopia:cinnamon_sapling":5,"farmersdelight:cabbage_seeds":11,"minecraft:furnace":5,"minecraft:stick":18,"minecraft:acacia_fence":2,"minecraft:oak_fence":3,"minecraft:torch":150,"minecraft:spruce_stairs":1,"iceandfire:silver_ore":8,"minecraft:porkchop":5,"croptopia:vanilla":2,"minecraft:target":1,"croptopia:fig":3,"croptopia:ginger_seed":2,"minecraft:diorite":105,"tombstone:grave_dust":3,"gobber2:gobber2_foo":7,"simplyswords:diamond_warglaive":1,"minecraft:lime_carpet":1,"minecraft:cactus":6,"minecraft:rotten_flesh":13,"minecraft:carved_pumpkin":2,"croptopia:vanilla_seeds":4,"minecraft:obsidian":1,"minecraft:cod":11,"croptopia:garlic_seed":1,"morebows:diamond_bow":1,"alexsmobs:flying_fish":5,"minecraft:cobblestone":783,"minecraft:feather":9,"minecraft:andesite":35,"minecraft:jungle_log":32,"minecraft:potato":8,"croptopia:mango":4,"minecraft:flint":5,"minecraft:tuff":76,"overweight_farming:overweight_apple_block":1,"minecraft:lapis_lazuli":56,"minecraft:dirt":41,"minecraft:lantern":3,"minecraft:bone":2,"gobber2:gobber2_gooey_beef":5,"minecraft:wheat_seeds":752,"minecraft:raw_gold":27,"croptopia:nutmeg":3,"minecraft:rabbit":1,"minecraft:fletching_table":1,"minecraft:bamboo":17,"minecraft:oak_planks":8,"gobber2:gobber2_gooey_bread":16,"croptopia:dragonfruit":2,"minecraft:jungle_planks":22,"croptopia:ginger":1,"croptopia:rice":2,"iceandfire:shiny_scales":1,"sophisticatedbackpacks:iron_backpack":4,"minecraft:ink_sac":5,"alexsmobs:animal_dictionary":1,"minecraft:barrel":6,"minecraft:diamond":4,"minecraft:soul_lantern":1,"minecraft:granite":62,"minecraft:grass":4,"minecraft:bone_meal":16,"minecraft:spruce_sign":4,"minecraft:bread":23,"minecraft:emerald":4,"minecraft:oak_sapling":3,"gobber2:gobber2_goo":18,"minecraft:cocoa_beans":6,"minecraft:charcoal":12,"minecraft:crafting_table":9,"minecraft:chicken":8,"croptopia:kumquat":14,"minecraft:cornflower":3,"minecraft:red_bed":1,"overweight_farming:vegetable_peels":1,"minecraft:item_frame":27,"croptopia:cinnamon":12,"minecraft:cartography_table":1,"minecraft:beef":7,"overweight_farming:seedless_peeled_melon":1,"minecraft:jungle_sapling":3,"croptopia:coconut":6,"minecraft:poppy":7,"minecraft:sugar_cane":9,"minecraft:chest":24,"minecraft:raw_iron":79,"iceandfire:dragonbone":8,"farmersdelight:tomato_seeds":9,"minecraft:redstone":181,"croptopia:banana":3,"minecraft:stone_pressure_plate":1,"croptopia:grape":1,"minecraft:weeping_vines":1,"minecraft:arrow":23,"minecraft:hay_block":23,"minecraft:saddle":3,"minecraft:gold_ingot":1,"minecraft:oxeye_daisy":1,"minecraft:mutton":4,"minecraft:white_wool":4,"minecraft:skeleton_skull":1,"alexsmobs:kangaroo_meat":1,"gobber2:gobber2_gooey_beefstew":3,"minecraft:leather":16,"minecraft:fern":1,"minecraft:oak_log":4,"minecraft:yellow_bed":1,"minecraft:paper":23,"tombstone:gift":1,"croptopia:rice_seed":5,"minecraft:cooked_mutton":11,"croptopia:garlic":1,"iceandfire:pixie_jar_empty":3,"artifacts:whoopee_cushion":1,"minecraft:iron_ingot":18,"croptopia:pineapple":1,"minecraft:cobweb":9,"minecraft:acacia_sapling":10,"minecraft:book":15,"croptopia:peanut":1,"minecraft:smooth_basalt":6,"croptopia:peanut_seed":2,"iceandfire:copper_nugget":150,"minecraft:pumpkin":8,"minecraft:gravel":43,"minecraft:amethyst_shard":28,"croptopia:grapefruit":2,"minecraft:melon_seeds":3,"minecraft:coal":166},"minecraft:crafted":{"minecraft:black_dye":2,"minecraft:oak_planks":16,"minecraft:bookshelf":5,"minecraft:green_dye":1,"minecraft:iron_boots":2,"minecraft:melon_seeds":1,"croptopia:flour":5,"minecraft:chest":2,"minecraft:cooked_rabbit":1,"croptopia:pineapple_seed":1,"sophisticatedbackpacks:backpack":3,"minecraft:emerald":9,"croptopia:garlic_seed":1,"minecraft:crafting_table":6,"minecraft:iron_helmet":2,"minecraft:copper_ingot":92,"croptopia:ginger_seed":1,"croptopia:peanut_seed":1,"minecraft:book":2,"minecraft:iron_chestplate":1,"minecraft:diamond_pickaxe":1,"minecraft:purple_dye":2,"minecraft:stick":256,"minecraft:iron_ingot":123,"minecraft:iron_pickaxe":8,"minecraft:coal":1,"croptopia:vanilla_seeds":2,"minecraft:iron_axe":2,"minecraft:stone_pickaxe":10,"minecraft:wheat":189,"sophisticatedbackpacks:iron_backpack":9,"minecraft:cooked_beef":11,"minecraft:red_dye":4,"minecraft:cyan_dye":2,"iceandfire:silver_ingot":2,"croptopia:stripped_cinnamon_wood":1,"sophisticatedbackpacks:gold_backpack":2,"minecraft:stone_axe":1,"minecraft:bread":42,"minecraft:air":0,"minecraft:jungle_planks":84,"minecraft:blue_dye":2,"croptopia:rice_seed":2,"minecraft:white_dye":2,"minecraft:flint":6,"minecraft:wooden_axe":7,"minecraft:iron_leggings":2,"minecraft:torch":504,"minecraft:firework_rocket":9},"minecraft:mined":{"farmersdelight:rich_soil":1,"minecraft:farmland":2,"iceandfire:copper_pile":18,"croptopia:grape_crop":1,"minecraft:jungle_leaves":13,"minecraft:carved_pumpkin":1,"minecraft:granite":74,"minecraft:budding_amethyst":1,"minecraft:grass_block":9,"sophisticatedbackpacks:iron_backpack":1,"croptopia:stripped_cinnamon_log":13,"gobber2:gobber2_lucky_block":47,"minecraft:jungle_log":30,"minecraft:potted_fern":1,"minecraft:cobbled_deepslate":11,"minecraft:iron_ore":74,"minecraft:fire":4,"minecraft:barrel":6,"overweight_farming:overweight_apple_block":1,"minecraft:target":1,"minecraft:pumpkin":8,"minecraft:fletching_table":1,"minecraft:deepslate_lapis_ore":9,"minecraft:dirt_path":8,"minecraft:deepslate_redstone_ore":53,"minecraft:red_bed":1,"minecraft:amethyst_cluster":7,"minecraft:torch":11,"croptopia:cinnamon_log":6,"minecraft:calcite":30,"croptopia:garlic_crop":1,"minecraft:poppy":5,"minecraft:melon":16,"minecraft:chest":25,"minecraft:dead_bush":3,"minecraft:spruce_wall_sign":2,"minecraft:cobblestone":26,"minecraft:sugar_cane":5,"minecraft:oak_planks":8,"minecraft:wall_torch":49,"minecraft:spruce_sign":2,"minecraft:amethyst_block":13,"minecraft:skeleton_skull":1,"minecraft:seagrass":2,"croptopia:peanut_crop":1,"croptopia:pineapple_crop":1,"minecraft:wheat":15,"croptopia:vanilla_crop":2,"minecraft:grass":101,"minecraft:oak_log":4,"croptopia:cinnamon_leaves":15,"croptopia:rice_crop":3,"minecraft:acacia_fence":2,"minecraft:dirt":36,"minecraft:smooth_basalt":18,"minecraft:oak_leaves":21,"minecraft:deepslate":1159,"minecraft:tuff":98,"iceandfire:silver_ore":8,"minecraft:deepslate_diamond_ore":4,"minecraft:jungle_planks":25,"minecraft:cartography_table":1,"minecraft:hay_block":23,"croptopia:ginger_crop":1,"minecraft:furnace":5,"minecraft:andesite":41,"overweight_farming:seedless_peeled_melon":1,"minecraft:bookshelf":4,"minecraft:deepslate_iron_ore":7,"minecraft:vine":2,"minecraft:bamboo":1,"minecraft:stone":799,"minecraft:white_wool":2,"iceandfire:pixie_jar_empty":3,"minecraft:acacia_leaves":7,"minecraft:glass_pane":2,"minecraft:oak_fence":3,"minecraft:crafting_table":8,"minecraft:cornflower":1,"minecraft:lime_carpet":1,"minecraft:campfire":9,"minecraft:tall_grass":28,"minecraft:copper_ore":17,"minecraft:deepslate_gold_ore":13,"minecraft:diorite":107,"minecraft:spruce_stairs":1,"gobber2:gobber2_lucky_block_deepslate":2,"minecraft:yellow_bed":2,"minecraft:coal_ore":143,"minecraft:cocoa":3,"minecraft:flower_pot":2,"minecraft:gravel":24,"minecraft:cobweb":6,"minecraft:gold_ore":14,"minecraft:fern":5},"minecraft:killed":{"minecraft:spider":3,"creeperoverhaul:bamboo_creeper":3,"minecraft:skeleton":2,"alexsmobs:kangaroo":1,"minecraft:pig":2,"minecraft:iron_golem":2,"minecraft:sheep":3,"minecraft:zombie":10,"minecraft:cow":3,"alexsmobs:seagull":3,"minecraft:horse":2,"alexsmobs:flying_fish":5,"minecraft:bat":2,"minecraft:squid":1,"alexsmobs:gazelle":1,"alexsmobs:crow":1},"minecraft:custom":{"minecraft:animals_bred":9,"minecraft:interact_with_crafting_table":54,"minecraft:open_barrel":4,"goblintraders:trade_with_goblin":89,"minecraft:bell_ring":19,"minecraft:leave_game":19,"minecraft:time_since_death":487444,"minecraft:sprint_one_cm":551112,"minecraft:drop":50,"minecraft:talked_to_villager":4,"minecraft:play_time":548664,"minecraft:deaths":3,"minecraft:jump":5969,"minecraft:interact_with_brewingstand":2,"minecraft:walk_on_water_one_cm":22880,"minecraft:interact_with_furnace":41,"minecraft:sleep_in_bed":14,"tombstone:sneak_grave":2,"minecraft:damage_dealt":7357,"minecraft:crouch_one_cm":16741,"tombstone:undead_killed":12,"minecraft:inspect_dispenser":3,"minecraft:mob_kills":47,"minecraft:climb_one_cm":10248,"minecraft:walk_one_cm":1489699,"minecraft:sneak_time":17178,"minecraft:walk_under_water_one_cm":17306,"minecraft:total_world_time":548664,"minecraft:pot_flower":1,"minecraft:time_since_rest":55034,"minecraft:damage_taken":2703,"minecraft:swim_one_cm":16845,"minecraft:fly_one_cm":686682,"minecraft:open_chest":219,"minecraft:fall_one_cm":152831},"minecraft:broken":{"minecraft:stone_pickaxe":2,"minecraft:wooden_axe":3,"minecraft:iron_pickaxe":2,"minecraft:golden_pickaxe":1},"minecraft:used":{"minecraft:chest":14,"minecraft:rotten_flesh":21,"minecraft:iron_chestplate":1,"minecraft:jungle_planks":15,"croptopia:cinnamon_log":6,"minecraft:tuff":31,"minecraft:lantern":2,"minecraft:iron_helmet":1,"minecraft:item_frame":2,"minecraft:hay_block":2,"minecraft:furnace":3,"minecraft:diorite":77,"minecraft:stone_pickaxe":785,"minecraft:oak_planks":3,"minecraft:white_wool":2,"simplyswords:diamond_warglaive":38,"minecraft:firework_rocket":9,"gobber2:gobber2_gooey_beefstew":1,"minecraft:melon_slice":14,"minecraft:lime_carpet":1,"minecraft:bread":30,"minecraft:gravel":1,"minecraft:cooked_rabbit":1,"minecraft:andesite":21,"minecraft:golden_pickaxe":32,"minecraft:cobweb":6,"minecraft:bone_meal":6,"minecraft:experience_bottle":2,"sophisticatedbackpacks:iron_backpack":5,"minecraft:carved_pumpkin":1,"minecraft:torch":517,"minecraft:dirt":36,"minecraft:spruce_stairs":1,"minecraft:wooden_axe":285,"minecraft:bookshelf":5,"minecraft:iron_axe":179,"minecraft:jungle_log":7,"minecraft:iron_boots":1,"minecraft:barrel":1,"minecraft:smooth_basalt":5,"tombstone:gift":5,"minecraft:cooked_beef":3,"minecraft:cobbled_deepslate":70,"minecraft:iron_leggings":1,"sophisticatedbackpacks:gold_backpack":1,"minecraft:wheat_seeds":356,"minecraft:cooked_mutton":5,"minecraft:spruce_sign":3,"minecraft:crafting_table":11,"minecraft:cod":2,"minecraft:flower_pot":1,"minecraft:diamond_pickaxe":490,"minecraft:oxeye_daisy":1,"minecraft:iron_pickaxe":1560,"minecraft:cobblestone":260,"minecraft:yellow_bed":1,"alexsmobs:animal_dictionary":1},"minecraft:dropped":{"sophisticatedbackpacks:iron_backpack":2,"minecraft:cooked_beef":5,"minecraft:item_frame":3,"minecraft:cornflower":1,"minecraft:iron_pickaxe":1,"minecraft:stone_axe":1,"minecraft:cobbled_deepslate":64,"minecraft:obsidian":1,"minecraft:oak_planks":1,"minecraft:cooked_mutton":3,"minecraft:jungle_log":2,"minecraft:iron_ingot":33,"minecraft:bread":18,"minecraft:iron_helmet":1,"minecraft:amethyst_block":2,"minecraft:coal":46,"minecraft:stick":72,"minecraft:torch":128,"minecraft:iron_leggings":1,"minecraft:furnace":1,"minecraft:iron_boots":1,"minecraft:iron_chestplate":1,"minecraft:stone_pickaxe":1,"minecraft:calcite":1},"minecraft:killed_by":{"alexsmobs:komodo_dragon":2,"minecraft:player":1}},"DataVersion":3120}