{"stats":{"minecraft:broken":{"minecraft:wooden_axe":2},"minecraft:killed":{"alexsmobs:seagull":1,"creeperoverhaul:bamboo_creeper":3,"minecraft:zombie":7},"minecraft:dropped":{"minecraft:oak_planks":1,"minecraft:stick":9,"minecraft:item_frame":3},"minecraft:crafted":{"minecraft:oak_planks":16,"croptopia:pineapple_seed":1,"croptopia:garlic_seed":1,"minecraft:crafting_table":1,"croptopia:stripped_cinnamon_wood":1,"minecraft:jungle_planks":60,"croptopia:rice_seed":2,"croptopia:peanut_seed":1,"croptopia:vanilla_seeds":1,"minecraft:melon_seeds":1,"minecraft:stick":36,"minecraft:wooden_axe":7,"minecraft:cooked_rabbit":1},"minecraft:picked_up":{"minecraft:cocoa_beans":6,"minecraft:crafting_table":3,"minecraft:feather":1,"croptopia:cinnamon_log":6,"minecraft:jungle_log":30,"croptopia:mango":4,"croptopia:stripped_cinnamon_log":10,"minecraft:oak_log":4,"croptopia:kumquat":13,"minecraft:dirt":1,"minecraft:item_frame":7,"minecraft:cooked_mutton":2,"croptopia:rice_seed":3,"croptopia:garlic":1,"minecraft:experience_bottle":2,"croptopia:cinnamon":12,"minecraft:wheat_seeds":3,"alexsmobs:banana":4,"minecraft:iron_ingot":3,"croptopia:pineapple":1,"overweight_farming:seedless_peeled_melon":1,"minecraft:rabbit":1,"croptopia:nutmeg":3,"minecraft:jungle_sapling":3,"croptopia:coconut":6,"minecraft:bamboo":17,"minecraft:sugar_cane":9,"minecraft:melon_slice":75,"croptopia:cinnamon_sapling":5,"minecraft:oak_planks":3,"minecraft:raw_iron":2,"minecraft:stick":17,"croptopia:peanut":1,"croptopia:peanut_seed":2,"minecraft:pumpkin":8,"croptopia:rice":2,"croptopia:vanilla":1,"minecraft:jungle_planks":21,"tombstone:grave_dust":2,"croptopia:fig":3,"croptopia:banana":3,"alexsmobs:animal_dictionary":1,"minecraft:rotten_flesh":8,"croptopia:grapefruit":2,"minecraft:gold_ingot":1,"croptopia:vanilla_seeds":2,"minecraft:oak_sapling":3,"minecraft:melon_seeds":3,"croptopia:garlic_seed":1},"minecraft:used":{"minecraft:oak_planks":3,"minecraft:rotten_flesh":12,"minecraft:crafting_table":3,"minecraft:jungle_planks":9,"croptopia:cinnamon_log":6,"minecraft:wooden_axe":238,"minecraft:melon_slice":14,"minecraft:jungle_log":7,"minecraft:item_frame":1,"minecraft:cooked_rabbit":1,"tombstone:gift":1,"alexsmobs:animal_dictionary":1,"minecraft:experience_bottle":2},"minecraft:killed_by":{"minecraft:player":1,"alexsmobs:komodo_dragon":2},"minecraft:custom":{"minecraft:interact_with_furnace":2,"minecraft:mob_kills":12,"minecraft:interact_with_crafting_table":3,"minecraft:leave_game":5,"minecraft:time_since_death":27540,"minecraft:sleep_in_bed":1,"minecraft:climb_one_cm":9193,"minecraft:time_since_rest":15892,"minecraft:sprint_one_cm":95535,"minecraft:damage_taken":1599,"minecraft:walk_one_cm":283992,"minecraft:drop":3,"minecraft:damage_dealt":1847,"minecraft:swim_one_cm":5565,"minecraft:fly_one_cm":162727,"minecraft:open_chest":16,"minecraft:crouch_one_cm":4092,"minecraft:play_time":88760,"tombstone:undead_killed":7,"minecraft:deaths":3,"minecraft:sneak_time":3902,"minecraft:walk_under_water_one_cm":3277,"minecraft:jump":1349,"minecraft:walk_on_water_one_cm":3361,"minecraft:total_world_time":88760,"minecraft:fall_one_cm":42912},"minecraft:mined":{"minecraft:jungle_leaves":13,"minecraft:crafting_table":3,"croptopia:cinnamon_log":6,"croptopia:garlic_crop":1,"minecraft:melon":15,"minecraft:jungle_planks":24,"minecraft:chest":1,"croptopia:stripped_cinnamon_log":13,"minecraft:jungle_log":30,"minecraft:dead_bush":3,"minecraft:sugar_cane":5,"minecraft:oak_planks":3,"croptopia:peanut_crop":1,"croptopia:pineapple_crop":1,"minecraft:fire":4,"minecraft:pumpkin":8,"overweight_farming:seedless_peeled_melon":1,"croptopia:vanilla_crop":1,"minecraft:grass":36,"minecraft:oak_log":4,"croptopia:cinnamon_leaves":15,"minecraft:cocoa":3,"minecraft:vine":2,"croptopia:rice_crop":2,"minecraft:dirt":1,"minecraft:bamboo":1,"minecraft:oak_leaves":21,"minecraft:fern":5}},"DataVersion":3120}