{"stats":{"minecraft:broken":{"minecraft:wooden_axe":2},"minecraft:killed":{"creeperoverhaul:bamboo_creeper":3,"minecraft:zombie":6},"minecraft:dropped":{"minecraft:oak_planks":1},"minecraft:crafted":{"minecraft:oak_planks":16,"croptopia:pineapple_seed":1,"croptopia:garlic_seed":1,"minecraft:crafting_table":1,"croptopia:stripped_cinnamon_wood":1,"minecraft:jungle_planks":24,"croptopia:rice_seed":2,"croptopia:peanut_seed":1,"croptopia:vanilla_seeds":1,"minecraft:melon_seeds":1,"minecraft:stick":12,"minecraft:wooden_axe":6},"minecraft:picked_up":{"minecraft:cocoa_beans":6,"minecraft:crafting_table":3,"croptopia:cinnamon_log":6,"minecraft:jungle_log":30,"croptopia:mango":4,"croptopia:stripped_cinnamon_log":10,"minecraft:oak_log":4,"croptopia:kumquat":13,"minecraft:dirt":1,"croptopia:rice_seed":3,"croptopia:garlic":1,"croptopia:cinnamon":8,"minecraft:wheat_seeds":3,"alexsmobs:banana":2,"croptopia:pineapple":1,"overweight_farming:seedless_peeled_melon":1,"croptopia:nutmeg":3,"minecraft:jungle_sapling":3,"croptopia:coconut":6,"minecraft:bamboo":17,"minecraft:sugar_cane":9,"minecraft:melon_slice":75,"croptopia:cinnamon_sapling":5,"minecraft:oak_planks":3,"minecraft:raw_iron":2,"minecraft:stick":8,"croptopia:peanut":1,"croptopia:peanut_seed":2,"minecraft:pumpkin":8,"croptopia:rice":2,"croptopia:vanilla":1,"minecraft:jungle_planks":17,"tombstone:grave_dust":2,"croptopia:fig":2,"croptopia:banana":2,"alexsmobs:animal_dictionary":1,"minecraft:rotten_flesh":7,"croptopia:grapefruit":2,"croptopia:vanilla_seeds":2,"minecraft:oak_sapling":3,"minecraft:melon_seeds":3,"croptopia:garlic_seed":1},"minecraft:used":{"minecraft:oak_planks":3,"minecraft:crafting_table":3,"minecraft:jungle_planks":6,"croptopia:cinnamon_log":6,"minecraft:wooden_axe":215,"minecraft:melon_slice":6,"minecraft:jungle_log":7,"tombstone:gift":1,"alexsmobs:animal_dictionary":1},"minecraft:killed_by":{"minecraft:player":1,"alexsmobs:komodo_dragon":1},"minecraft:custom":{"minecraft:mob_kills":10,"minecraft:interact_with_crafting_table":3,"minecraft:leave_game":5,"minecraft:time_since_death":5647,"minecraft:climb_one_cm":2353,"minecraft:time_since_rest":3248,"minecraft:sprint_one_cm":44941,"minecraft:damage_taken":769,"minecraft:walk_one_cm":155925,"minecraft:drop":1,"minecraft:damage_dealt":1661,"minecraft:swim_one_cm":677,"minecraft:fly_one_cm":88946,"minecraft:crouch_one_cm":3384,"minecraft:play_time":52760,"tombstone:undead_killed":6,"minecraft:deaths":2,"minecraft:sneak_time":2412,"minecraft:walk_under_water_one_cm":1306,"minecraft:jump":708,"minecraft:walk_on_water_one_cm":1946,"minecraft:total_world_time":52760,"minecraft:fall_one_cm":15773},"minecraft:mined":{"minecraft:jungle_leaves":3,"minecraft:crafting_table":3,"croptopia:cinnamon_log":6,"croptopia:garlic_crop":1,"minecraft:melon":15,"minecraft:jungle_planks":17,"croptopia:stripped_cinnamon_log":13,"minecraft:jungle_log":30,"minecraft:dead_bush":3,"minecraft:sugar_cane":5,"minecraft:oak_planks":3,"croptopia:peanut_crop":1,"croptopia:pineapple_crop":1,"minecraft:pumpkin":8,"overweight_farming:seedless_peeled_melon":1,"croptopia:vanilla_crop":1,"minecraft:grass":34,"minecraft:oak_log":4,"croptopia:cinnamon_leaves":15,"minecraft:cocoa":3,"minecraft:vine":1,"croptopia:rice_crop":2,"minecraft:dirt":1,"minecraft:bamboo":1,"minecraft:oak_leaves":21,"minecraft:fern":5}},"DataVersion":3120}