{"stats":{"minecraft:broken":{"minecraft:iron_pickaxe":1,"minecraft:wooden_axe":2},"minecraft:killed":{"minecraft:spider":1,"alexsmobs:seagull":3,"creeperoverhaul:bamboo_creeper":3,"minecraft:zombie":7},"minecraft:dropped":{"minecraft:coal":46,"minecraft:item_frame":3,"minecraft:stick":72,"minecraft:iron_pickaxe":1,"minecraft:obsidian":1,"minecraft:oak_planks":1,"minecraft:jungle_log":2},"minecraft:crafted":{"minecraft:oak_planks":16,"croptopia:vanilla_seeds":1,"minecraft:melon_seeds":1,"minecraft:stone_pickaxe":4,"minecraft:chest":2,"minecraft:cooked_rabbit":1,"croptopia:pineapple_seed":1,"croptopia:garlic_seed":1,"minecraft:crafting_table":4,"croptopia:stripped_cinnamon_wood":1,"minecraft:air":0,"minecraft:jungle_planks":84,"croptopia:rice_seed":2,"croptopia:peanut_seed":1,"minecraft:stick":188,"minecraft:iron_ingot":4,"minecraft:iron_pickaxe":2,"minecraft:wooden_axe":7,"minecraft:torch":192},"minecraft:picked_up":{"minecraft:cocoa_beans":6,"minecraft:charcoal":2,"minecraft:crafting_table":4,"minecraft:wheat":4,"croptopia:cinnamon_log":6,"croptopia:stripped_cinnamon_log":10,"croptopia:kumquat":13,"minecraft:item_frame":9,"minecraft:experience_bottle":2,"minecraft:beetroot":9,"croptopia:cinnamon":12,"alexsmobs:banana":4,"minecraft:cobbled_deepslate":53,"overweight_farming:seedless_peeled_melon":1,"minecraft:jungle_sapling":3,"croptopia:coconut":6,"croptopia:cinnamon_sapling":5,"minecraft:melon_slice":82,"minecraft:sugar_cane":9,"minecraft:chest":12,"farmersdelight:cabbage_seeds":10,"minecraft:furnace":1,"minecraft:stick":17,"minecraft:raw_iron":24,"minecraft:torch":88,"iceandfire:silver_ore":5,"croptopia:vanilla":1,"farmersdelight:tomato_seeds":6,"croptopia:fig":3,"tombstone:grave_dust":2,"minecraft:diorite":24,"minecraft:redstone":8,"croptopia:banana":3,"gobber2:gobber2_foo":2,"minecraft:lime_carpet":1,"minecraft:rotten_flesh":8,"minecraft:hay_block":2,"minecraft:carved_pumpkin":2,"croptopia:vanilla_seeds":2,"minecraft:saddle":3,"minecraft:gold_ingot":1,"minecraft:obsidian":1,"minecraft:cod":9,"croptopia:garlic_seed":1,"minecraft:cobblestone":73,"minecraft:feather":4,"minecraft:jungle_log":32,"gobber2:gobber2_gooey_beefstew":1,"croptopia:mango":4,"minecraft:tuff":20,"minecraft:oak_log":4,"minecraft:dirt":32,"minecraft:paper":14,"tombstone:gift":1,"minecraft:cooked_mutton":6,"croptopia:rice_seed":3,"croptopia:garlic":1,"gobber2:gobber2_gooey_beef":1,"minecraft:wheat_seeds":25,"artifacts:whoopee_cushion":1,"croptopia:pineapple":1,"minecraft:iron_ingot":5,"croptopia:nutmeg":3,"minecraft:fletching_table":1,"minecraft:rabbit":1,"minecraft:bamboo":17,"minecraft:acacia_sapling":9,"minecraft:oak_planks":5,"gobber2:gobber2_gooey_bread":5,"minecraft:book":2,"croptopia:peanut":1,"croptopia:peanut_seed":2,"minecraft:pumpkin":8,"croptopia:rice":2,"minecraft:jungle_planks":21,"alexsmobs:animal_dictionary":1,"minecraft:barrel":4,"minecraft:granite":4,"minecraft:grass":4,"croptopia:grapefruit":2,"minecraft:spruce_sign":3,"minecraft:bread":15,"minecraft:oak_sapling":3,"minecraft:melon_seeds":3,"gobber2:gobber2_goo":5,"minecraft:coal":91},"minecraft:used":{"minecraft:carved_pumpkin":1,"minecraft:chest":8,"minecraft:rotten_flesh":18,"minecraft:torch":59,"minecraft:dirt":30,"minecraft:jungle_planks":9,"croptopia:cinnamon_log":6,"minecraft:tuff":20,"minecraft:wooden_axe":277,"minecraft:jungle_log":7,"minecraft:item_frame":1,"minecraft:hay_block":2,"minecraft:furnace":1,"tombstone:gift":3,"minecraft:wheat_seeds":5,"minecraft:cooked_mutton":1,"minecraft:diorite":23,"minecraft:stone_pickaxe":80,"minecraft:oak_planks":3,"minecraft:spruce_sign":3,"minecraft:crafting_table":6,"minecraft:lime_carpet":1,"minecraft:bread":2,"minecraft:melon_slice":14,"minecraft:iron_pickaxe":252,"minecraft:cobblestone":55,"minecraft:cooked_rabbit":1,"alexsmobs:animal_dictionary":1,"minecraft:experience_bottle":2},"minecraft:killed_by":{"minecraft:player":1,"alexsmobs:komodo_dragon":2},"minecraft:custom":{"minecraft:mob_kills":15,"minecraft:interact_with_crafting_table":11,"minecraft:open_barrel":1,"minecraft:bell_ring":3,"minecraft:leave_game":9,"minecraft:time_since_death":106427,"minecraft:climb_one_cm":9933,"minecraft:sprint_one_cm":137270,"minecraft:walk_one_cm":537198,"minecraft:drop":9,"minecraft:talked_to_villager":1,"minecraft:play_time":167647,"minecraft:sneak_time":6292,"minecraft:deaths":3,"minecraft:walk_under_water_one_cm":3277,"minecraft:interact_with_brewingstand":2,"minecraft:jump":2192,"minecraft:walk_on_water_one_cm":4804,"minecraft:total_world_time":167647,"minecraft:interact_with_furnace":8,"minecraft:sleep_in_bed":8,"minecraft:time_since_rest":32833,"minecraft:damage_taken":1697,"tombstone:sneak_grave":2,"minecraft:damage_dealt":2193,"minecraft:swim_one_cm":5565,"minecraft:fly_one_cm":214135,"minecraft:open_chest":57,"minecraft:crouch_one_cm":6682,"tombstone:undead_killed":7,"minecraft:fall_one_cm":63566,"minecraft:inspect_dispenser":3},"minecraft:mined":{"minecraft:tuff":20,"iceandfire:silver_ore":5,"minecraft:jungle_leaves":13,"minecraft:carved_pumpkin":1,"minecraft:granite":4,"minecraft:grass_block":9,"minecraft:jungle_planks":24,"croptopia:stripped_cinnamon_log":13,"gobber2:gobber2_lucky_block":14,"minecraft:jungle_log":30,"minecraft:hay_block":2,"minecraft:furnace":1,"minecraft:iron_ore":19,"minecraft:fire":4,"minecraft:barrel":4,"minecraft:pumpkin":8,"overweight_farming:seedless_peeled_melon":1,"minecraft:fletching_table":1,"minecraft:deepslate_iron_ore":7,"minecraft:vine":2,"minecraft:dirt_path":8,"minecraft:bamboo":1,"minecraft:stone":81,"minecraft:crafting_table":4,"croptopia:cinnamon_log":6,"croptopia:garlic_crop":1,"minecraft:melon":15,"minecraft:chest":13,"minecraft:dead_bush":3,"minecraft:lime_carpet":1,"minecraft:campfire":1,"minecraft:spruce_wall_sign":2,"minecraft:tall_grass":5,"minecraft:cobblestone":1,"minecraft:sugar_cane":5,"minecraft:oak_planks":5,"minecraft:diorite":24,"minecraft:wall_torch":7,"minecraft:spruce_sign":1,"croptopia:peanut_crop":1,"croptopia:pineapple_crop":1,"minecraft:wheat":3,"croptopia:vanilla_crop":1,"minecraft:grass":45,"minecraft:oak_log":4,"minecraft:coal_ore":68,"croptopia:cinnamon_leaves":15,"minecraft:cocoa":3,"croptopia:rice_crop":2,"minecraft:dirt":16,"minecraft:oak_leaves":21,"minecraft:deepslate":83,"minecraft:fern":5}},"DataVersion":3120}