{"stats":{"minecraft:broken":{"minecraft:wooden_axe":2},"minecraft:killed":{"alexsmobs:seagull":1,"creeperoverhaul:bamboo_creeper":3,"minecraft:zombie":7},"minecraft:dropped":{"minecraft:obsidian":1,"minecraft:oak_planks":1,"minecraft:stick":9,"minecraft:item_frame":3,"minecraft:jungle_log":2},"minecraft:crafted":{"minecraft:oak_planks":16,"croptopia:pineapple_seed":1,"croptopia:garlic_seed":1,"minecraft:crafting_table":2,"croptopia:stripped_cinnamon_wood":1,"minecraft:jungle_planks":84,"croptopia:rice_seed":2,"croptopia:peanut_seed":1,"croptopia:vanilla_seeds":1,"minecraft:melon_seeds":1,"minecraft:stick":64,"minecraft:wooden_axe":7,"minecraft:chest":2,"minecraft:cooked_rabbit":1},"minecraft:picked_up":{"minecraft:cocoa_beans":6,"minecraft:crafting_table":3,"minecraft:wheat":3,"minecraft:feather":1,"croptopia:cinnamon_log":6,"minecraft:jungle_log":32,"croptopia:mango":4,"croptopia:stripped_cinnamon_log":10,"minecraft:oak_log":4,"croptopia:kumquat":13,"minecraft:dirt":15,"minecraft:item_frame":8,"minecraft:cooked_mutton":2,"croptopia:rice_seed":3,"croptopia:garlic":1,"minecraft:experience_bottle":2,"croptopia:cinnamon":12,"minecraft:wheat_seeds":13,"alexsmobs:banana":4,"minecraft:iron_ingot":5,"croptopia:pineapple":1,"overweight_farming:seedless_peeled_melon":1,"minecraft:rabbit":1,"croptopia:nutmeg":3,"minecraft:jungle_sapling":3,"croptopia:coconut":6,"minecraft:bamboo":17,"minecraft:sugar_cane":9,"minecraft:melon_slice":75,"croptopia:cinnamon_sapling":5,"minecraft:chest":4,"farmersdelight:cabbage_seeds":3,"minecraft:oak_planks":3,"minecraft:acacia_sapling":2,"minecraft:book":1,"minecraft:raw_iron":2,"minecraft:stick":17,"croptopia:peanut":1,"croptopia:peanut_seed":2,"minecraft:pumpkin":8,"minecraft:torch":2,"croptopia:rice":2,"croptopia:vanilla":1,"minecraft:jungle_planks":21,"farmersdelight:tomato_seeds":4,"tombstone:grave_dust":2,"croptopia:fig":3,"minecraft:redstone":8,"croptopia:banana":3,"alexsmobs:animal_dictionary":1,"minecraft:lime_carpet":1,"minecraft:rotten_flesh":8,"minecraft:hay_block":2,"minecraft:carved_pumpkin":2,"minecraft:spruce_sign":2,"minecraft:grass":1,"croptopia:grapefruit":2,"minecraft:gold_ingot":1,"croptopia:vanilla_seeds":2,"minecraft:oak_sapling":3,"minecraft:melon_seeds":3,"minecraft:obsidian":1,"croptopia:garlic_seed":1},"minecraft:used":{"minecraft:wheat_seeds":5,"minecraft:carved_pumpkin":1,"minecraft:oak_planks":3,"minecraft:chest":3,"minecraft:spruce_sign":2,"minecraft:rotten_flesh":18,"minecraft:torch":2,"minecraft:dirt":14,"minecraft:crafting_table":4,"minecraft:jungle_planks":9,"croptopia:cinnamon_log":6,"minecraft:wooden_axe":250,"minecraft:lime_carpet":1,"minecraft:melon_slice":14,"minecraft:jungle_log":7,"minecraft:item_frame":1,"minecraft:hay_block":2,"minecraft:cooked_rabbit":1,"tombstone:gift":1,"alexsmobs:animal_dictionary":1,"minecraft:experience_bottle":2},"minecraft:killed_by":{"minecraft:player":1,"alexsmobs:komodo_dragon":2},"minecraft:custom":{"minecraft:interact_with_furnace":5,"minecraft:mob_kills":12,"minecraft:interact_with_crafting_table":4,"minecraft:bell_ring":3,"minecraft:leave_game":5,"minecraft:time_since_death":57540,"minecraft:sleep_in_bed":5,"minecraft:climb_one_cm":9933,"minecraft:time_since_rest":10231,"minecraft:sprint_one_cm":121364,"minecraft:damage_taken":1599,"minecraft:walk_one_cm":413780,"minecraft:drop":5,"minecraft:damage_dealt":1847,"minecraft:swim_one_cm":5565,"minecraft:talked_to_villager":1,"minecraft:fly_one_cm":189926,"minecraft:open_chest":38,"minecraft:crouch_one_cm":4817,"minecraft:play_time":118760,"tombstone:undead_killed":7,"minecraft:deaths":3,"minecraft:sneak_time":4462,"minecraft:walk_under_water_one_cm":3277,"minecraft:interact_with_brewingstand":2,"minecraft:jump":1711,"minecraft:walk_on_water_one_cm":4296,"minecraft:total_world_time":118760,"minecraft:inspect_dispenser":1,"minecraft:fall_one_cm":51450},"minecraft:mined":{"minecraft:jungle_leaves":13,"minecraft:carved_pumpkin":1,"minecraft:crafting_table":3,"minecraft:grass_block":6,"croptopia:cinnamon_log":6,"croptopia:garlic_crop":1,"minecraft:melon":15,"minecraft:jungle_planks":24,"minecraft:chest":6,"croptopia:stripped_cinnamon_log":13,"minecraft:jungle_log":30,"minecraft:dead_bush":3,"minecraft:lime_carpet":1,"minecraft:spruce_wall_sign":1,"minecraft:tall_grass":5,"minecraft:spruce_sign":1,"minecraft:sugar_cane":5,"minecraft:oak_planks":3,"minecraft:hay_block":2,"croptopia:peanut_crop":1,"croptopia:pineapple_crop":1,"minecraft:wheat":3,"minecraft:fire":4,"minecraft:pumpkin":8,"overweight_farming:seedless_peeled_melon":1,"croptopia:vanilla_crop":1,"minecraft:grass":40,"minecraft:dirt_path":8,"minecraft:oak_log":4,"croptopia:cinnamon_leaves":15,"minecraft:cocoa":3,"minecraft:vine":2,"croptopia:rice_crop":2,"minecraft:dirt":1,"minecraft:bamboo":1,"minecraft:oak_leaves":21,"minecraft:fern":5}},"DataVersion":3120}