{"stats":{"minecraft:picked_up":{"minecraft:cocoa_beans":19,"minecraft:coarse_dirt":1,"minecraft:crafting_table":1,"minecraft:wheat":67,"croptopia:peach":21,"minecraft:andesite":2,"minecraft:oak_log":33,"minecraft:yellow_bed":2,"overweight_farming:overweight_apple_block":1,"farmersdelight:tomato":35,"minecraft:dirt":55,"minecraft:apple":22,"minecraft:wheat_seeds":177,"farmersdelight:cabbage":4,"comforts:sleeping_bag_white":3,"minecraft:stone_pickaxe":1,"minecraft:melon_slice":4,"minecraft:oak_planks":9,"minecraft:acacia_sapling":5,"farmersdelight:cabbage_seeds":11,"iceandfire:crackled_cobblestone":1,"minecraft:furnace":1,"minecraft:stick":5,"minecraft:raw_iron":24,"iceandfire:copper_nugget":56,"farmersdelight:rotten_tomato":2,"minecraft:acacia_log":15,"iceandfire:silver_ore":4,"minecraft:porkchop":2,"farmersdelight:tomato_seeds":12,"minecraft:ink_sac":3,"minecraft:diorite":6,"minecraft:rotten_flesh":2,"minecraft:stone_axe":1,"croptopia:orange":8,"minecraft:bone_meal":2,"minecraft:bread":9,"minecraft:oak_sapling":9,"minecraft:mutton":2,"minecraft:coal":118,"minecraft:white_wool":8,"minecraft:cobblestone":47},"minecraft:killed":{"minecraft:pig":1,"minecraft:sheep":1,"minecraft:zombie":5},"minecraft:killed_by":{"creeperoverhaul:cave_creeper":1,"iceandfire:lightning_dragon":3,"minecraft:zombie":1},"minecraft:mined":{"iceandfire:silver_ore":4,"iceandfire:copper_pile":3,"minecraft:crafting_table":2,"minecraft:acacia_log":15,"minecraft:grass_block":38,"minecraft:melon":1,"minecraft:oak_planks":9,"minecraft:diorite":7,"iceandfire:crackled_cobblestone":1,"minecraft:coarse_dirt":1,"minecraft:iron_ore":24,"overweight_farming:overweight_apple_block":1,"minecraft:andesite":2,"minecraft:yellow_bed":1,"minecraft:grass":10,"minecraft:oak_log":33,"minecraft:coal_ore":118,"minecraft:cocoa":6,"minecraft:dirt":23,"minecraft:stone":47,"minecraft:oak_leaves":2,"minecraft:fern":1},"minecraft:used":{"minecraft:wheat_seeds":64,"minecraft:diorite":6,"minecraft:oak_planks":33,"minecraft:stone_pickaxe":130,"farmersdelight:cabbage_seeds":4,"farmersdelight:cabbage":1,"minecraft:wooden_shovel":47,"minecraft:iron_chestplate":1,"minecraft:dirt":2,"iceandfire:copper_sword":16,"minecraft:crafting_table":4,"farmersdelight:tomato":14,"minecraft:bread":25,"minecraft:iron_pickaxe":84,"minecraft:stone_axe":78,"overweight_farming:overweight_apple_block":1,"minecraft:cobblestone":39,"minecraft:furnace":1,"minecraft:andesite":2,"minecraft:yellow_bed":2,"comforts:sleeping_bag_white":3,"minecraft:acacia_planks":7,"minecraft:iron_leggings":1,"minecraft:bone_meal":2},"minecraft:crafted":{"minecraft:oak_planks":132,"minecraft:wooden_shovel":1,"minecraft:crafting_table":3,"comforts:sleeping_bag_white":1,"minecraft:wooden_pickaxe":1,"minecraft:bread":21,"minecraft:iron_chestplate":1,"minecraft:stick":4,"minecraft:iron_ingot":12,"minecraft:iron_pickaxe":1,"minecraft:iron_leggings":1,"minecraft:acacia_planks":60,"minecraft:shears":1},"minecraft:dropped":{"minecraft:wheat_seeds":1,"alexsmobs:animal_dictionary":1,"tombstone:grave_key":1},"minecraft:broken":{"minecraft:stone_pickaxe":1},"minecraft:custom":{"minecraft:interact_with_furnace":2,"minecraft:mob_kills":7,"minecraft:interact_with_crafting_table":4,"minecraft:leave_game":2,"minecraft:time_since_death":51172,"minecraft:sleep_in_bed":5,"minecraft:climb_one_cm":4120,"minecraft:time_since_rest":16561,"minecraft:sprint_one_cm":469078,"minecraft:damage_taken":2227,"minecraft:walk_one_cm":277052,"minecraft:drop":3,"minecraft:damage_dealt":1366,"minecraft:swim_one_cm":58012,"minecraft:fly_one_cm":236748,"minecraft:open_chest":6,"minecraft:crouch_one_cm":7587,"minecraft:play_time":154408,"tombstone:undead_killed":5,"minecraft:deaths":5,"minecraft:sneak_time":3053,"minecraft:walk_under_water_one_cm":25406,"minecraft:jump":1538,"minecraft:walk_on_water_one_cm":17219,"minecraft:total_world_time":154408,"minecraft:fall_one_cm":35081,"minecraft:horse_one_cm":2474}},"DataVersion":3120}