{"stats":{"minecraft:picked_up":{"minecraft:ink_sac":3},"minecraft:dropped":{"alexsmobs:animal_dictionary":1},"minecraft:custom":{"minecraft:jump":48,"minecraft:time_since_rest":5520,"minecraft:damage_dealt":154,"minecraft:crouch_one_cm":88,"minecraft:walk_on_water_one_cm":2047,"minecraft:sprint_one_cm":22283,"minecraft:play_time":5520,"minecraft:damage_taken":140,"minecraft:time_since_death":5520,"minecraft:walk_one_cm":11926,"minecraft:sneak_time":61,"minecraft:total_world_time":5520,"minecraft:walk_under_water_one_cm":7435,"minecraft:swim_one_cm":6603,"minecraft:fall_one_cm":2690,"minecraft:drop":1,"minecraft:fly_one_cm":9367}},"DataVersion":3120}