{"stats":{"minecraft:picked_up":{"minecraft:wheat":65,"minecraft:acacia_log":7,"farmersdelight:tomato_seeds":7,"minecraft:ink_sac":3,"minecraft:yellow_bed":1,"farmersdelight:tomato":22,"minecraft:stone_axe":1,"minecraft:wheat_seeds":163,"farmersdelight:cabbage":2,"minecraft:stone_pickaxe":1,"minecraft:bone_meal":2,"minecraft:bread":9,"minecraft:melon_slice":4,"minecraft:acacia_sapling":3,"farmersdelight:cabbage_seeds":7,"minecraft:furnace":1},"minecraft:mined":{"minecraft:crafting_table":1,"minecraft:acacia_log":7,"minecraft:melon":1},"minecraft:used":{"minecraft:wheat_seeds":64,"farmersdelight:tomato":14,"minecraft:bread":4,"farmersdelight:cabbage_seeds":4,"farmersdelight:cabbage":1,"minecraft:stone_axe":1,"minecraft:crafting_table":1,"minecraft:yellow_bed":1,"minecraft:bone_meal":2},"minecraft:crafted":{"minecraft:crafting_table":1,"minecraft:stick":4,"minecraft:wooden_pickaxe":1,"minecraft:acacia_planks":28,"minecraft:bread":21},"minecraft:dropped":{"alexsmobs:animal_dictionary":1},"minecraft:custom":{"minecraft:time_since_rest":6995,"minecraft:sprint_one_cm":57762,"minecraft:damage_taken":230,"minecraft:walk_one_cm":75891,"minecraft:drop":1,"minecraft:damage_dealt":154,"minecraft:swim_one_cm":6603,"minecraft:interact_with_crafting_table":1,"minecraft:fly_one_cm":18989,"minecraft:open_chest":2,"minecraft:crouch_one_cm":915,"minecraft:play_time":17520,"minecraft:sneak_time":182,"minecraft:walk_under_water_one_cm":7435,"minecraft:jump":159,"minecraft:walk_on_water_one_cm":3001,"minecraft:time_since_death":17520,"minecraft:sleep_in_bed":1,"minecraft:climb_one_cm":84,"minecraft:total_world_time":17520,"minecraft:fall_one_cm":5677}},"DataVersion":3120}