{"stats":{"minecraft:picked_up":{"minecraft:raw_iron":12,"minecraft:wheat":66,"farmersdelight:rotten_tomato":2,"minecraft:andesite":2,"minecraft:acacia_log":7,"iceandfire:silver_ore":4,"farmersdelight:tomato_seeds":12,"minecraft:diorite":6,"minecraft:ink_sac":3,"minecraft:yellow_bed":1,"farmersdelight:tomato":35,"minecraft:dirt":2,"minecraft:rotten_flesh":2,"minecraft:stone_axe":1,"minecraft:wheat_seeds":169,"farmersdelight:cabbage":4,"minecraft:stone_pickaxe":1,"minecraft:bone_meal":2,"minecraft:bread":9,"minecraft:melon_slice":4,"minecraft:coal":37,"minecraft:acacia_sapling":3,"farmersdelight:cabbage_seeds":11,"minecraft:cobblestone":39,"minecraft:furnace":1},"minecraft:killed":{"minecraft:zombie":5},"minecraft:killed_by":{"creeperoverhaul:cave_creeper":1,"minecraft:zombie":1},"minecraft:mined":{"iceandfire:silver_ore":4,"minecraft:iron_ore":12,"minecraft:andesite":2,"minecraft:crafting_table":1,"minecraft:grass":1,"minecraft:acacia_log":7,"minecraft:grass_block":2,"minecraft:coal_ore":37,"minecraft:melon":1,"minecraft:stone":38,"minecraft:diorite":7},"minecraft:used":{"minecraft:wheat_seeds":64,"minecraft:diorite":6,"farmersdelight:tomato":14,"minecraft:bread":8,"minecraft:stone_pickaxe":105,"farmersdelight:cabbage_seeds":4,"farmersdelight:cabbage":1,"minecraft:stone_axe":17,"minecraft:dirt":2,"minecraft:cobblestone":39,"minecraft:crafting_table":1,"minecraft:furnace":1,"minecraft:andesite":2,"minecraft:yellow_bed":1,"minecraft:bone_meal":2},"minecraft:crafted":{"minecraft:crafting_table":1,"minecraft:stick":4,"minecraft:wooden_pickaxe":1,"minecraft:acacia_planks":28,"minecraft:bread":21},"minecraft:dropped":{"alexsmobs:animal_dictionary":1},"minecraft:custom":{"minecraft:time_since_rest":30412,"minecraft:interact_with_furnace":1,"minecraft:sprint_one_cm":79520,"minecraft:damage_taken":925,"minecraft:walk_one_cm":156574,"minecraft:mob_kills":5,"minecraft:drop":1,"minecraft:damage_dealt":1186,"minecraft:swim_one_cm":6603,"minecraft:interact_with_crafting_table":1,"minecraft:fly_one_cm":31532,"minecraft:open_chest":2,"minecraft:crouch_one_cm":6597,"minecraft:play_time":71520,"tombstone:undead_killed":5,"minecraft:deaths":2,"minecraft:sneak_time":2256,"minecraft:walk_under_water_one_cm":7435,"minecraft:jump":379,"minecraft:walk_on_water_one_cm":3821,"minecraft:time_since_death":0,"minecraft:sleep_in_bed":1,"minecraft:climb_one_cm":84,"minecraft:total_world_time":71520,"minecraft:fall_one_cm":10209}},"DataVersion":3120}