{"stats":{"minecraft:picked_up":{"minecraft:raw_iron":8,"minecraft:wheat":65,"minecraft:andesite":2,"minecraft:acacia_log":7,"iceandfire:silver_ore":4,"farmersdelight:tomato_seeds":7,"minecraft:diorite":6,"minecraft:ink_sac":3,"minecraft:yellow_bed":1,"farmersdelight:tomato":22,"minecraft:dirt":1,"minecraft:rotten_flesh":2,"minecraft:stone_axe":1,"minecraft:wheat_seeds":164,"farmersdelight:cabbage":2,"minecraft:stone_pickaxe":1,"minecraft:bone_meal":2,"minecraft:bread":9,"minecraft:melon_slice":4,"minecraft:coal":37,"minecraft:acacia_sapling":3,"farmersdelight:cabbage_seeds":7,"minecraft:cobblestone":38,"minecraft:furnace":1},"minecraft:killed":{"minecraft:zombie":3},"minecraft:killed_by":{"creeperoverhaul:cave_creeper":1},"minecraft:mined":{"iceandfire:silver_ore":4,"minecraft:iron_ore":8,"minecraft:andesite":2,"minecraft:crafting_table":1,"minecraft:grass":1,"minecraft:acacia_log":7,"minecraft:grass_block":1,"minecraft:coal_ore":37,"minecraft:melon":1,"minecraft:stone":38,"minecraft:diorite":7},"minecraft:used":{"minecraft:wheat_seeds":64,"minecraft:diorite":6,"farmersdelight:tomato":14,"minecraft:bread":4,"minecraft:stone_pickaxe":101,"farmersdelight:cabbage_seeds":4,"farmersdelight:cabbage":1,"minecraft:stone_axe":11,"minecraft:cobblestone":29,"minecraft:crafting_table":1,"minecraft:andesite":2,"minecraft:yellow_bed":1,"minecraft:bone_meal":2},"minecraft:crafted":{"minecraft:crafting_table":1,"minecraft:stick":4,"minecraft:wooden_pickaxe":1,"minecraft:acacia_planks":28,"minecraft:bread":21},"minecraft:dropped":{"alexsmobs:animal_dictionary":1},"minecraft:custom":{"minecraft:time_since_rest":4887,"minecraft:sprint_one_cm":67687,"minecraft:damage_taken":530,"minecraft:walk_one_cm":128919,"minecraft:mob_kills":3,"minecraft:drop":1,"minecraft:damage_dealt":785,"minecraft:swim_one_cm":6603,"minecraft:interact_with_crafting_table":1,"minecraft:fly_one_cm":25827,"minecraft:open_chest":2,"minecraft:crouch_one_cm":6541,"minecraft:play_time":29520,"tombstone:undead_killed":3,"minecraft:deaths":1,"minecraft:sneak_time":2247,"minecraft:walk_under_water_one_cm":7435,"minecraft:jump":269,"minecraft:walk_on_water_one_cm":3001,"minecraft:time_since_death":6276,"minecraft:sleep_in_bed":1,"minecraft:climb_one_cm":84,"minecraft:total_world_time":29520,"minecraft:fall_one_cm":8044}},"DataVersion":3120}