{"stats":{"minecraft:crafted":{"minecraft:oak_planks":132,"minecraft:wooden_shovel":1,"minecraft:crafting_table":4,"comforts:sleeping_bag_white":1,"minecraft:wooden_pickaxe":1,"minecraft:bread":21,"minecraft:iron_chestplate":1,"minecraft:stick":4,"minecraft:iron_ingot":12,"minecraft:iron_pickaxe":1,"minecraft:iron_shovel":1,"minecraft:iron_leggings":1,"minecraft:acacia_planks":60,"minecraft:shears":1},"minecraft:killed":{"minecraft:pig":1,"minecraft:sheep":1,"minecraft:zombie":5,"iceandfire:ghost":1},"minecraft:broken":{"minecraft:stone_pickaxe":1,"minecraft:iron_shovel":1},"minecraft:killed_by":{"creeperoverhaul:cave_creeper":1,"minecraft:skeleton":1,"iceandfire:lightning_dragon":3,"minecraft:zombie":1},"minecraft:picked_up":{"minecraft:cocoa_beans":19,"minecraft:crafting_table":1,"minecraft:coarse_dirt":1,"minecraft:wheat":67,"croptopia:peach":21,"minecraft:andesite":2,"minecraft:oak_log":33,"minecraft:yellow_bed":2,"minecraft:dirt":276,"farmersdelight:tomato":35,"overweight_farming:overweight_apple_block":1,"minecraft:apple":22,"minecraft:kelp":12,"minecraft:wheat_seeds":177,"farmersdelight:cabbage":4,"comforts:sleeping_bag_white":4,"minecraft:stone_pickaxe":1,"minecraft:melon_slice":4,"minecraft:acacia_sapling":5,"minecraft:oak_planks":9,"farmersdelight:cabbage_seeds":11,"iceandfire:crackled_cobblestone":1,"minecraft:furnace":1,"minecraft:stick":5,"minecraft:raw_iron":24,"iceandfire:copper_nugget":56,"farmersdelight:rotten_tomato":2,"minecraft:acacia_log":15,"iceandfire:silver_ore":4,"minecraft:porkchop":2,"farmersdelight:tomato_seeds":12,"minecraft:ink_sac":3,"minecraft:diorite":6,"minecraft:rotten_flesh":2,"minecraft:stone_axe":1,"croptopia:orange":8,"minecraft:bone_meal":2,"minecraft:bread":9,"minecraft:oak_sapling":9,"minecraft:mutton":2,"minecraft:coal":118,"minecraft:white_wool":8,"minecraft:cobblestone":47},"minecraft:custom":{"minecraft:interact_with_furnace":2,"minecraft:mob_kills":8,"minecraft:interact_with_crafting_table":5,"minecraft:leave_game":2,"minecraft:time_since_death":188,"minecraft:sleep_in_bed":6,"minecraft:climb_one_cm":5010,"minecraft:time_since_rest":1,"minecraft:sprint_one_cm":523911,"minecraft:damage_taken":2593,"minecraft:walk_one_cm":323728,"minecraft:drop":4,"minecraft:damage_dealt":1668,"minecraft:swim_one_cm":112728,"minecraft:fly_one_cm":260030,"minecraft:open_chest":6,"minecraft:crouch_one_cm":9930,"minecraft:play_time":170561,"tombstone:undead_killed":6,"minecraft:deaths":6,"minecraft:sneak_time":3713,"minecraft:walk_under_water_one_cm":29101,"minecraft:jump":1714,"minecraft:walk_on_water_one_cm":38216,"minecraft:total_world_time":170561,"minecraft:fall_one_cm":39455,"minecraft:horse_one_cm":2474},"minecraft:mined":{"iceandfire:silver_ore":4,"iceandfire:copper_pile":3,"minecraft:crafting_table":2,"minecraft:acacia_log":15,"minecraft:grass_block":217,"minecraft:melon":1,"minecraft:oak_planks":9,"minecraft:diorite":7,"iceandfire:crackled_cobblestone":1,"minecraft:coarse_dirt":1,"minecraft:iron_ore":24,"overweight_farming:overweight_apple_block":1,"minecraft:andesite":2,"minecraft:yellow_bed":1,"minecraft:grass":16,"minecraft:oak_log":33,"minecraft:coal_ore":118,"minecraft:cocoa":6,"minecraft:dirt":95,"minecraft:stone":47,"minecraft:oak_leaves":2,"minecraft:fern":1},"minecraft:used":{"minecraft:wheat_seeds":64,"minecraft:diorite":6,"minecraft:iron_shovel":253,"minecraft:oak_planks":33,"minecraft:stone_pickaxe":130,"farmersdelight:cabbage_seeds":4,"farmersdelight:cabbage":1,"minecraft:wooden_shovel":47,"minecraft:iron_chestplate":1,"minecraft:dirt":73,"iceandfire:copper_sword":27,"minecraft:crafting_table":5,"farmersdelight:tomato":14,"minecraft:bread":25,"minecraft:iron_pickaxe":84,"overweight_farming:overweight_apple_block":1,"minecraft:stone_axe":78,"croptopia:peach":20,"minecraft:cobblestone":39,"minecraft:furnace":1,"minecraft:andesite":2,"minecraft:yellow_bed":2,"comforts:sleeping_bag_white":4,"minecraft:acacia_planks":7,"minecraft:bone_meal":2,"minecraft:iron_leggings":1},"minecraft:dropped":{"minecraft:wheat_seeds":1,"alexsmobs:animal_dictionary":1,"tombstone:grave_key":1,"minecraft:wooden_shovel":1}},"DataVersion":3120}