{"stats":{"minecraft:picked_up":{"minecraft:cocoa_beans":19,"minecraft:crafting_table":1,"minecraft:wheat":67,"minecraft:andesite":2,"minecraft:yellow_bed":2,"overweight_farming:overweight_apple_block":1,"farmersdelight:tomato":35,"minecraft:dirt":3,"minecraft:wheat_seeds":173,"farmersdelight:cabbage":4,"minecraft:stone_pickaxe":1,"minecraft:melon_slice":4,"minecraft:acacia_sapling":5,"farmersdelight:cabbage_seeds":11,"iceandfire:crackled_cobblestone":1,"minecraft:furnace":1,"minecraft:stick":2,"minecraft:raw_iron":12,"iceandfire:copper_nugget":56,"farmersdelight:rotten_tomato":2,"minecraft:acacia_log":15,"iceandfire:silver_ore":4,"minecraft:porkchop":2,"farmersdelight:tomato_seeds":12,"minecraft:ink_sac":3,"minecraft:diorite":6,"minecraft:rotten_flesh":2,"minecraft:stone_axe":1,"minecraft:bone_meal":2,"minecraft:bread":9,"minecraft:mutton":2,"minecraft:coal":60,"minecraft:white_wool":8,"minecraft:cobblestone":39},"minecraft:killed":{"minecraft:pig":1,"minecraft:sheep":1,"minecraft:zombie":5},"minecraft:killed_by":{"creeperoverhaul:cave_creeper":1,"iceandfire:lightning_dragon":2,"minecraft:zombie":1},"minecraft:mined":{"iceandfire:silver_ore":4,"iceandfire:copper_pile":3,"minecraft:crafting_table":2,"minecraft:acacia_log":15,"minecraft:grass_block":3,"minecraft:melon":1,"minecraft:diorite":7,"iceandfire:crackled_cobblestone":1,"minecraft:iron_ore":12,"overweight_farming:overweight_apple_block":1,"minecraft:andesite":2,"minecraft:yellow_bed":1,"minecraft:grass":3,"minecraft:coal_ore":60,"minecraft:cocoa":6,"minecraft:stone":38,"minecraft:fern":1},"minecraft:used":{"minecraft:wheat_seeds":64,"minecraft:diorite":6,"minecraft:stone_pickaxe":130,"farmersdelight:cabbage_seeds":4,"farmersdelight:cabbage":1,"minecraft:dirt":2,"iceandfire:copper_sword":16,"minecraft:crafting_table":2,"farmersdelight:tomato":14,"minecraft:bread":14,"minecraft:stone_axe":27,"overweight_farming:overweight_apple_block":1,"minecraft:cobblestone":39,"minecraft:furnace":1,"minecraft:andesite":2,"minecraft:yellow_bed":2,"minecraft:acacia_planks":5,"minecraft:bone_meal":2},"minecraft:crafted":{"minecraft:crafting_table":2,"comforts:sleeping_bag_white":1,"minecraft:wooden_pickaxe":1,"minecraft:bread":21,"minecraft:stick":4,"minecraft:iron_ingot":12,"minecraft:iron_pickaxe":1,"minecraft:acacia_planks":60,"minecraft:shears":1},"minecraft:dropped":{"alexsmobs:animal_dictionary":1,"tombstone:grave_key":1},"minecraft:broken":{"minecraft:stone_pickaxe":1},"minecraft:custom":{"minecraft:interact_with_furnace":2,"minecraft:mob_kills":7,"minecraft:interact_with_crafting_table":2,"minecraft:leave_game":1,"minecraft:time_since_death":5493,"minecraft:sleep_in_bed":2,"minecraft:climb_one_cm":457,"minecraft:time_since_rest":3670,"minecraft:sprint_one_cm":256387,"minecraft:damage_taken":2007,"minecraft:walk_one_cm":194330,"minecraft:drop":2,"minecraft:damage_dealt":1366,"minecraft:swim_one_cm":9787,"minecraft:fly_one_cm":129123,"minecraft:open_chest":6,"minecraft:crouch_one_cm":6887,"minecraft:play_time":102903,"tombstone:undead_killed":5,"minecraft:deaths":4,"minecraft:sneak_time":2553,"minecraft:walk_under_water_one_cm":7562,"minecraft:jump":816,"minecraft:walk_on_water_one_cm":5801,"minecraft:total_world_time":102903,"minecraft:fall_one_cm":18296}},"DataVersion":3120}